name,month,day,time,year,timeZone,insertions,deletions
Greg Nietsky,Oct,28,19:21:33,2013,200,45734,0
Kristian Høgsberg,Oct,9,16:20:54,2013,-700,2,2
Kristian Høgsberg,Oct,7,21:36:31,2013,-700,3,1
Kristian Høgsberg,Oct,2,22:14:57,2013,-700,1,1
Neil Roberts,Sep,25,10:39:12,2013,100,3,1
Kristian Høgsberg,Sep,22,14:12:26,2013,-700,1,1
Jason Ekstrand,Sep,20,8:27:06,2013,-500,5,1
Marek Ch,Sep,18,17:29:50,2013,200,170,1
Marek Ch,Sep,18,17:29:49,2013,200,117,1
Marek Ch,Sep,18,17:29:48,2013,200,14,3
Chang Liu,Sep,18,10:45:06,2013,0,1,1
Aaron Faanes,Sep,17,16:44:24,2013,-500,6,4
Aaron Faanes,Sep,17,16:42:43,2013,-500,35,0
Aaron Faanes,Sep,17,16:40:49,2013,-500,1,1
Aaron Faanes,Sep,15,13:37:09,2013,-500,6,0
Aaron Faanes,Sep,15,13:37:08,2013,-500,1,1
Aaron Faanes,Sep,15,13:37:07,2013,-500,5,0
Aaron Faanes,Sep,15,13:37:06,2013,-500,6,1
Aaron Faanes,Sep,15,13:09:18,2013,-500,45,0
Chang Liu,Sep,8,11:12:33,2013,0,1,0
Rob Bradford,Sep,6,17:56:27,2013,100,8,0
Aaron Faanes,Aug,28,18:02:02,2013,-500,3,2
Aaron Faanes,Aug,28,18:02:01,2013,-500,37,0
Aaron Faanes,Aug,28,17:43:34,2013,-500,1,1
Kristian Høgsberg,Aug,30,14:54:40,2013,-700,1,1
Kristian Høgsberg,Aug,13,20:06:30,2013,100,1,1
Kristian Høgsberg,Aug,13,20:06:29,2013,100,16,4
Jason Ekstrand,Jul,17,21:58:47,2013,-500,86,9
Jason Ekstrand,Jul,17,21:58:46,2013,-500,120,25
Jason Ekstrand,Aug,18,16:53:54,2013,-500,61,0
Jason Ekstrand,Aug,18,16:52:36,2013,-500,10,4
Peter Hutterer,Aug,15,20:58:10,2013,1000,1,0
Bryce W. Harrington,Aug,9,17:44:59,2013,0,2,2
Rob Bradford,Jul,22,17:30:52,2013,100,20,0
Rob Bradford,Jul,22,17:30:51,2013,100,5,0
Bryce W. Harrington,Aug,9,1:47:07,2013,0,1,1
Bryce W. Harrington,Aug,9,1:47:07,2013,0,3,3
Bryce W. Harrington,Aug,9,1:47:07,2013,0,2,2
Bryce W. Harrington,Aug,9,1:47:07,2013,0,1,1
Bryce W. Harrington,Aug,9,1:47:06,2013,0,6,6
Bryce W. Harrington,Aug,9,1:47:05,2013,0,5,5
Bryce W. Harrington,Aug,9,1:47:05,2013,0,1,1
Bryce W. Harrington,Aug,9,1:47:04,2013,0,6,7
Tomeu Vizoso,Aug,8,10:31:56,2013,200,2,0
Peter Hutterer,Aug,7,11:05:59,2013,1000,2,0
Peter Hutterer,Aug,7,11:05:58,2013,1000,4,0
Peter Hutterer,Aug,7,11:05:57,2013,1000,23,6
Kristian Høgsberg,Aug,7,9:17:02,2013,-700,2,1
Tomeu Vizoso,Aug,6,20:05:53,2013,200,58,13
Kristian Høgsberg,Aug,6,10:15:35,2013,-700,4,14
Kristian Høgsberg,Aug,6,9:50:14,2013,-700,6,2
Jiergir Ogoerg,Jul,29,16:50:44,2013,-700,4,7
Tomeu Vizoso,Jul,11,16:08:20,2013,200,64,1
Kristian Høgsberg,Jul,13,1:30:45,2013,-400,2,2
Kristian Høgsberg,Jul,13,0:42:14,2013,-400,2,0
Kristian Høgsberg,Jul,13,0:35:21,2013,-400,41,18
Mariusz Ceier,Jul,10,23:40:56,2013,200,1,0
Kristian Høgsberg,Jul,9,19:27:08,2013,-400,1,1
Kristian Høgsberg,Jul,9,19:18:10,2013,-400,4,3
Kristian Høgsberg,Jul,9,18:59:11,2013,-400,1,4
Kristian Høgsberg,Jul,9,17:55:45,2013,-400,4,2
Neil Roberts,Jul,9,14:10:45,2013,100,8,0
Kristian Høgsberg,Jul,8,18:45:41,2013,-400,60,17
Daiki Ueno,Jul,2,18:38:15,2013,900,32,18
Daiki Ueno,Jul,2,18:38:14,2013,900,2,2
Kristian Høgsberg,Jul,2,16:59:44,2013,-400,6,3
Kristian Høgsberg,Jul,2,16:57:45,2013,-400,1,0
Kristian Høgsberg,Jul,2,15:39:03,2013,-400,60,9
Kristian Høgsberg,Jul,2,14:34:42,2013,-400,70,54
Kristian Høgsberg,Jul,2,14:09:16,2013,-400,1,0
Jason Ekstrand,Jul,2,14:57:10,2013,-400,15,0
Jason Ekstrand,Jun,27,20:09:20,2013,-500,80,32
Jason Ekstrand,Jun,27,20:09:19,2013,-500,50,12
Kristian Høgsberg,Jun,27,20:09:18,2013,-500,57,42
Rob Bradford,Jun,24,16:50:41,2013,100,2,0
Jason Ekstrand,Jun,20,20:36:49,2013,-500,19,37
Jason Ekstrand,Jun,20,20:36:48,2013,-500,25,26
Jason Ekstrand,Jun,20,20:36:47,2013,-500,21,4
Jason Ekstrand,Jun,18,12:42:40,2013,-500,4,1
Ander Conselvan de Oliveira,Jun,11,18:21:32,2013,300,85,0
Kristian Høgsberg,Mar,17,14:21:48,2013,-400,266,53
Jason Ekstrand,Jun,14,10:07:52,2013,-500,36,0
Rob Bradford,Jun,12,18:17:45,2013,100,1,1
Rob Bradford,Jun,12,18:17:44,2013,100,3,3
Kristian Høgsberg,Jun,7,1:00:30,2013,-400,8,0
Jason Ekstrand,Jun,5,9:52:39,2013,-500,41,19
Jason Ekstrand,Jun,5,16:39:51,2013,-500,6,0
Jason Ekstrand,Jun,5,16:39:50,2013,-500,5,2
Kristian Høgsberg,Jun,5,1:07:28,2013,-400,12,9
Jason Ekstrand,Jun,1,17:40:54,2013,-500,95,20
Jason Ekstrand,Jun,1,17:40:53,2013,-500,58,20
Jason Ekstrand,Jun,1,17:40:52,2013,-500,32,15
Rob Bradford,May,31,18:08:23,2013,100,10,1
Rob Bradford,Jun,4,13:27:49,2013,100,11,0
Alexander Larsson,May,28,16:20:52,2013,200,21,9
Alexander Larsson,May,24,13:08:41,2013,200,2,2
Alexander Larsson,May,16,15:49:36,2013,200,93,14
Alexander Larsson,May,16,15:49:35,2013,200,11,1
Peng Wu,May,21,14:45:30,2013,800,1,1
Kristian Høgsberg,May,8,9:45:59,2013,-400,0,0
Kristian Høgsberg,Apr,18,15:07:23,2013,-400,1289,0
Kristian Høgsberg,Apr,29,16:42:40,2013,-400,1,0
Peter Hutterer,Apr,18,6:33:01,2013,1000,2,0
Rob Bradford,Apr,17,18:28:42,2013,100,0,0
Kristian Høgsberg,Apr,15,20:55:33,2013,-400,2,0
Kristian Høgsberg,Apr,15,20:50:52,2013,-400,0,0
Peter Hutterer,Apr,4,11:29:01,2013,1000,6,51
Peter Hutterer,Apr,4,11:29:00,2013,1000,35,1
Peter Hutterer,Apr,4,11:28:59,2013,1000,16,21
Peter Hutterer,Apr,4,11:28:58,2013,1000,50,22
Tiago Vignatti,Apr,4,11:28:57,2013,1000,19,19
Peter Hutterer,Apr,4,11:06:02,2013,1000,4,4
Rob Bradford,Apr,4,17:26:57,2013,100,5,1
Kristian Høgsberg,Apr,3,16:26:14,2013,-400,33,1
Kristian Høgsberg,Apr,3,16:22:44,2013,-400,1,1
Peter Hutterer,Apr,3,15:43:34,2013,-400,1673,1673
Peter Hutterer,Apr,2,11:08:59,2013,1000,72,5
Peter Hutterer,Apr,3,15:27:43,2013,-400,4,4
Peter Hutterer,Apr,2,9:58:17,2013,1000,27,21
Peter Hutterer,Apr,2,9:58:16,2013,1000,1,1
Peter Hutterer,Apr,2,10:09:12,2013,1000,7,5
Peter Hutterer,Apr,2,10:09:11,2013,1000,92,3
Peter Hutterer,Apr,2,10:09:10,2013,1000,1,1
Peter Hutterer,Apr,2,10:09:09,2013,1000,1,1
Peter Hutterer,Apr,3,15:02:29,2013,-400,1199,1199
Peter Hutterer,Apr,2,10:09:07,2013,1000,17,0
Peter Hutterer,Apr,2,10:09:06,2013,1000,6,3
Tiago Vignatti,Apr,2,10:09:05,2013,1000,3,2
Peter Hutterer,Apr,2,10:09:03,2013,1000,1,1
Tiago Vignatti,Apr,2,10:09:00,2013,1000,1,1
Tiago Vignatti,Apr,2,10:08:59,2013,1000,122,122
Tiago Vignatti,Apr,2,10:08:58,2013,1000,9,22
Tiago Vignatti,Apr,2,10:08:57,2013,1000,1,1
Tiago Vignatti,Apr,2,10:08:56,2013,1000,53,0
Peter Hutterer,Apr,2,10:08:55,2013,1000,5,3
Giulio Camuffo,Apr,3,17:29:16,2013,200,4,4
Rob Bradford,Apr,3,15:20:49,2013,100,28,0
Kristian Høgsberg,Apr,2,21:31:02,2013,-400,6,1
Giulio Camuffo,Mar,28,14:55:51,2013,100,1,1
Giulio Camuffo,Apr,2,22:29:46,2013,200,1,1
Matthias Clasen,Mar,30,14:09:25,2013,-400,16,0
Matthias Clasen,Mar,30,14:09:24,2013,-400,12,8
Kristian Høgsberg,Apr,1,20:06:36,2013,-400,1,2
Matthias Clasen,Mar,30,1:11:47,2013,-400,8,0
Matthias Clasen,Mar,30,1:11:46,2013,-400,2,0
Matthias Clasen,Mar,30,1:11:45,2013,-400,7,4
Matthias Clasen,Mar,30,1:11:44,2013,-400,18,6
Matthias Clasen,Mar,30,1:11:43,2013,-400,27,9
Matthias Clasen,Mar,30,1:11:42,2013,-400,19,6
Matthias Clasen,Mar,30,1:11:41,2013,-400,33,10
Matthias Clasen,Mar,30,1:11:40,2013,-400,22,13
Matthias Clasen,Mar,30,1:11:39,2013,-400,69,54
Matthias Clasen,Mar,30,1:11:38,2013,-400,149,84
Matthias Clasen,Mar,30,1:11:37,2013,-400,65,30
Matthias Clasen,Mar,30,1:11:36,2013,-400,49,24
Matthias Clasen,Mar,30,1:11:35,2013,-400,8,1
Matthias Clasen,Mar,30,1:11:34,2013,-400,26,18
Matthias Clasen,Mar,30,1:11:33,2013,-400,9,8
Matthias Clasen,Mar,30,1:11:32,2013,-400,3,3
Matthias Clasen,Mar,30,1:11:31,2013,-400,31,40
Matthias Clasen,Mar,30,1:11:30,2013,-400,4,15
Matthias Clasen,Mar,30,1:11:29,2013,-400,46,73
Matthias Clasen,Mar,30,1:11:28,2013,-400,1,1
Matthias Clasen,Mar,30,1:11:27,2013,-400,2,2
Rob Bradford,Mar,28,18:48:09,2013,0,5,5
Matthias Clasen,Mar,28,9:10:32,2013,-400,1,1
Matthias Clasen,Mar,28,9:10:31,2013,-400,8,0
Pekka Paalanen,Mar,7,13:10:01,2013,200,8,11
Jason Ekstrand,Mar,8,22:26:13,2013,-600,27,35
Jason Ekstrand,Mar,8,22:26:12,2013,-600,17,14
Jonas Ådahl,Mar,8,18:44:16,2013,100,23,12
Jonas Ådahl,Mar,7,23:32:39,2013,100,3,3
Kristian Høgsberg,Mar,17,13:53:29,2013,-400,1,1
Kristian Høgsberg,Feb,26,13:40:34,2013,-500,5,5
Jason Ekstrand,Feb,26,11:30:51,2013,-500,402,355
Pekka Paalanen,Feb,26,15:19:44,2013,200,13,0
Kristian Høgsberg,Feb,25,16:01:38,2013,-500,1,1
Ran Benita,Feb,25,17:12:51,2013,200,2,14
Kristian Høgsberg,Feb,14,17:00:46,2013,-500,1,1
Armin K,Feb,14,14:44:08,2013,-500,3,4
Siddharth Heroor,Feb,14,10:59:15,2013,530,3,3
Kristian Høgsberg,Feb,11,13:58:39,2013,-500,22,1
Kristian Høgsberg,Feb,8,11:38:59,2013,-500,3,2
Kristian Høgsberg,Feb,4,7:07:17,2013,-500,18,4
Kristian Høgsberg,Feb,2,10:44:32,2013,-500,2,2
Kristian Høgsberg,Jan,28,15:27:27,2013,-500,1,0
David Herrmann,Jan,23,14:20:41,2013,100,7,1
David Herrmann,Jan,23,14:11:19,2013,100,1,1
Jason Ekstrand,Jan,11,21:01:47,2013,-600,84,0
Jason Ekstrand,Jan,11,14:29:32,2013,-600,106,0
Quentin Glidic,Jan,6,15:46:00,2013,100,6,1
Pekka Paalanen,Dec,12,14:19:23,2012,200,3,0
Pekka Paalanen,Dec,3,16:58:25,2012,200,2,2
Sven Joachim,Dec,2,22:42:11,2012,100,2,0
Jonas Ådahl,Dec,1,17:33:23,2012,100,19,2
Jonas Ådahl,Dec,1,17:33:22,2012,100,2,0
Kristian Høgsberg,Nov,30,17:19:43,2012,-500,2,2
Kristian Høgsberg,Nov,30,14:05:32,2012,-500,1,0
Quentin Glidic,Nov,27,22:35:18,2012,100,12,12
Ander Conselvan de Oliveira,Nov,27,17:03:41,2012,200,31,3
Ander Conselvan de Oliveira,Nov,27,17:03:40,2012,200,1,1
Jonas Ådahl,Nov,26,23:25:53,2012,100,4,1
Tiago Vignatti,Nov,22,18:09:32,2012,-200,3,3
Ander Conselvan de Oliveira,Nov,22,15:34:48,2012,200,21,0
Kristian Høgsberg,Nov,21,17:14:55,2012,-500,2,2
Kristian Høgsberg,Nov,19,17:27:04,2012,-500,1,1
Kristian Høgsberg,Nov,19,17:14:05,2012,-500,7,7
Kristian Høgsberg,Nov,19,17:11:58,2012,-500,3,1
Kristian Høgsberg,Nov,19,15:44:14,2012,-500,1,1
Kristian Høgsberg,Nov,19,15:02:45,2012,-500,8,0
Martin Olsson,Nov,14,13:58:31,2012,-500,3,3
Tiago Vignatti,Nov,6,17:17:01,2012,-200,3,1
Tiago Vignatti,Nov,9,20:28:51,2012,-200,2,0
Tiago Vignatti,Nov,9,20:48:22,2012,-200,1,1
Tiago Vignatti,Nov,9,20:33:10,2012,-200,1,256
Tiago Vignatti,Nov,9,20:14:31,2012,-200,52,16
Tiago Vignatti,Nov,12,16:07:16,2012,-200,1,1
Jonas Ådahl,Nov,6,8:15:04,2012,100,96,12
Jonas Ådahl,Nov,6,8:15:03,2012,100,55,24
Jonas Ådahl,Nov,3,22:26:11,2012,100,174,1
Jonas Ådahl,Nov,3,22:26:10,2012,100,110,20
Kristian Høgsberg,Oct,29,13:12:40,2012,-400,17,0
Kristian Høgsberg,Oct,22,14:55:06,2012,-400,2,2
Kristian Høgsberg,Oct,21,22:24:33,2012,-400,9,3
Kristian Høgsberg,Oct,21,22:10:56,2012,-400,2,2
Kristian Høgsberg,Oct,21,22:08:08,2012,-400,94,13
Kristian Høgsberg,Oct,21,20:53:37,2012,-400,2,19
Kristian Høgsberg,Oct,21,10:04:17,2012,-400,1,0
Kristian Høgsberg,Oct,20,11:38:57,2012,-400,7,8
Kristian Høgsberg,Oct,19,23:26:38,2012,-400,12,12
Kristian Høgsberg,Oct,19,23:06:53,2012,-400,6,4
Kristian Høgsberg,Oct,19,17:08:38,2012,-400,21,6
Tiago Vignatti,Oct,19,18:29:54,2012,300,8,0
Ander Conselvan de Oliveira,Oct,19,15:30:26,2012,300,5,1
Ander Conselvan de Oliveira,Oct,19,15:30:25,2012,300,96,14
Ander Conselvan de Oliveira,Oct,17,21:26:09,2012,300,8,2
John Kåre Alsaker,Oct,16,20:32:19,2012,200,26,15
Kristian Høgsberg,Oct,16,15:30:56,2012,-400,9,0
John Kåre Alsaker,Oct,12,11:28:28,2012,200,2,2
John Kåre Alsaker,Oct,12,11:28:26,2012,200,2,0
John Kåre Alsaker,Oct,12,11:28:25,2012,200,3,0
John Kåre Alsaker,Oct,12,11:28:24,2012,200,3,3
Pekka Paalanen,Oct,12,14:29:01,2012,300,13,15
Pekka Paalanen,Oct,12,14:29:00,2012,300,2,2
Ander Conselvan de Oliveira,Oct,16,17:29:09,2012,300,7,0
Ander Conselvan de Oliveira,Oct,16,17:29:08,2012,300,3,2
Ander Conselvan de Oliveira,Oct,16,17:29:07,2012,300,4,0
Ander Conselvan de Oliveira,Oct,16,17:29:06,2012,300,12,12
Jonas Ådahl,Oct,3,22:50:55,2012,200,16,4
Kristian Høgsberg,Oct,15,20:49:41,2012,-400,1,1
Kristian Høgsberg,Oct,15,20:48:12,2012,-400,10,8
Matt Roper,Oct,10,16:56:52,2012,-700,101,0
David Herrmann,Oct,11,23:37:53,2012,200,81,20
Kristian Høgsberg,Oct,15,17:50:36,2012,-400,9,11
David Herrmann,Oct,11,23:37:51,2012,200,17,3
Kristian Høgsberg,Oct,15,17:19:38,2012,-400,5,0
Kristian Høgsberg,Oct,15,17:16:30,2012,-400,6,6
David Herrmann,Oct,11,23:37:49,2012,200,26,7
David Herrmann,Oct,11,23:37:48,2012,200,3,0
David Herrmann,Oct,11,23:37:47,2012,200,1,0
David Herrmann,Oct,11,23:37:46,2012,200,6,4
David Herrmann,Oct,11,23:37:45,2012,200,18,17
David Herrmann,Oct,11,23:37:44,2012,200,2,0
David Herrmann,Oct,11,23:37:43,2012,200,10,4
David Herrmann,Oct,11,23:37:42,2012,200,37,3
Jonas Ådahl,Sep,27,18:40:26,2012,200,4,1
Tiago Vignatti,Oct,12,20:54:45,2012,300,13,2
Tiago Vignatti,Oct,12,20:03:44,2012,300,1,0
Ander Conselvan de Oliveira,Oct,15,17:53:23,2012,300,94,7
Ander Conselvan de Oliveira,Oct,12,17:28:57,2012,300,180,2
Ander Conselvan de Oliveira,Oct,12,17:28:56,2012,300,25,4
Olivier Blin,Oct,15,0:49:13,2012,200,3,0
Olivier Blin,Oct,15,0:49:11,2012,200,19,18
Olivier Blin,Oct,15,0:49:11,2012,200,1,1
Tiago Vignatti,Oct,11,17:42:09,2012,300,1863,5
Tiago Vignatti,Oct,11,17:42:08,2012,300,1,0
Tiago Vignatti,Oct,11,17:42:07,2012,300,6,1
Tiago Vignatti,Oct,11,17:42:06,2012,300,1,1
Kristian Høgsberg,Oct,15,11:38:20,2012,-400,3,3
Kristian Høgsberg,Oct,11,17:15:08,2012,-400,22,6
Kristian Høgsberg,Oct,11,17:12:50,2012,-400,3,2
Kristian Høgsberg,Oct,11,17:11:54,2012,-400,2,0
Kristian Høgsberg,Oct,11,17:08:29,2012,-400,1,2
Ander Conselvan de Oliveira,Oct,11,14:55:59,2012,300,2,6
Pekka Paalanen,Oct,11,14:31:11,2012,300,3,1
Ander Conselvan de Oliveira,Oct,11,14:05:37,2012,300,2,10
Pekka Paalanen,Oct,11,13:58:45,2012,300,11,7
Pekka Paalanen,Oct,10,12:47:50,2012,300,17,1
Pekka Paalanen,Oct,10,12:47:49,2012,300,11,1
Pekka Paalanen,Oct,10,12:47:48,2012,300,16,4
Pekka Paalanen,Oct,10,12:47:47,2012,300,98,23
Kristian Høgsberg,Oct,10,19:25:48,2012,-400,15,1
Ander Conselvan de Oliveira,Oct,10,23:29:13,2012,300,99,160
Kristian Høgsberg,Oct,9,12:14:34,2012,-400,74,38
Kristian Høgsberg,Oct,8,13:53:47,2012,-400,72,162
Kristian Høgsberg,Oct,8,13:25:52,2012,-400,52,
Kristian Høgsberg,Oct,8,13:21:55,2012,-400,48,21
Kristian Høgsberg,Oct,5,13:49:48,2012,-400,123,35
Kristian Høgsberg,Oct,4,17:42:49,2012,-400,42,4
Kristian Høgsberg,Oct,4,17:34:18,2012,-400,49,20
Kristian Høgsberg,Oct,4,16:54:22,2012,-400,152,253
Matt Roper,Oct,4,14:27:39,2012,-700,551,550
Rob Bradford,Oct,9,18:46:22,2012,100,1,0
Rob Bradford,Oct,9,18:46:21,2012,100,1,1
Tiago Vignatti,Oct,8,18:40:00,2012,300,3,3
Tiago Vignatti,Oct,8,18:39:59,2012,300,55,0
Tiago Vignatti,Oct,8,18:39:58,2012,300,66,128
Tiago Vignatti,Oct,8,18:39:57,2012,300,17,5
Kristian Høgsberg,Oct,1,13:21:29,2012,-400,1,0
David Herrmann,Sep,26,16:41:50,2012,200,9,5
David Herrmann,Sep,24,13:18:38,2012,200,137,1
Tiago Vignatti,Sep,25,12:19:57,2012,300,1,1
Diego Viola,Sep,13,6:45:06,2012,-400,1,1
David Herrmann,Sep,11,16:09:34,2012,200,4,3
David Herrmann,Sep,10,11:20:35,2012,200,9,5
David Herrmann,Sep,8,17:47:15,2012,200,2,2
Philipp Brüschweiler,Sep,6,18:54:02,2012,200,531,0
Philipp Brüschweiler,Sep,6,18:54:01,2012,200,618,1
Kristian Høgsberg,Aug,29,14:12:11,2012,-400,2,1
U. Artie Eoff,Aug,16,18:12:05,2012,-700,13,1
Rob Bradford,Aug,16,18:12:04,2012,-700,4,2
Kristian Høgsberg,Aug,15,23:03:21,2012,-400,50,1
Kristian Høgsberg,Aug,14,13:16:10,2012,-400,45,27
Scott Moreau,Aug,16,0:04:27,2012,-600,1,1
Philipp Brüschweiler,Aug,14,11:53:08,2012,200,10,11
Christopher Michael,Aug,11,15:09:02,2012,100,1,1
Christopher Michael,Aug,11,15:35:47,2012,100,1,1
Kristian Høgsberg,Aug,3,22:39:51,2012,-400,5,3
Andre Heider,Jul,31,18:59:09,2012,200,2,0
Dima Ryazanov,Jul,26,1:39:48,2012,-700,1,0
Kristian Høgsberg,Jul,24,15:45:00,2012,-400,2,2
Kristian Høgsberg,Jul,24,15:10:12,2012,-400,6,6
Daniel Stone,Jul,23,19:54:42,2012,100,16,16
Daniel Stone,Jul,23,19:54:41,2012,100,48,6
Daniel Stone,Jul,23,19:54:40,2012,100,13,7
Kristian Høgsberg,Jul,23,20:14:33,2012,-400,13,0
Daniel Stone,Jul,23,19:54:39,2012,100,11,1
Daniel Stone,Jul,23,19:54:38,2012,100,2,0
Kristian Høgsberg,Jul,22,15:46:16,2012,-400,27,7
Mathias Fiedler,Jul,18,15:53:23,2012,200,3,3
Mathias Fiedler,Jul,18,15:52:51,2012,200,34,0
Mathias Fiedler,Jul,18,15:51:45,2012,200,10,4
Kristian Høgsberg,Jul,20,12:30:07,2012,-400,4,4
Kristian Høgsberg,Jul,20,12:20:15,2012,-400,16,111
Kristian Høgsberg,Jul,20,12:04:42,2012,-400,22,0
Robert Ancell,Jul,10,15:52:12,2012,1200,1,1
Dmitry Guryanov,Jul,17,18:56:03,2012,400,1,1
Pekka Paalanen,Jul,10,13:05:03,2012,300,6,0
Pekka Paalanen,Jul,10,13:05:02,2012,300,165,7
Pekka Paalanen,Jul,10,13:05:01,2012,300,1,1
Pekka Paalanen,Jul,10,13:05:00,2012,300,10,0
Robert Ancell,Jul,5,16:31:29,2012,1200,3,2
Kristian Høgsberg,Jul,9,21:50:39,2012,-400,2,0
Martin Olsson,Jul,9,18:22:05,2012,200,3,3
Martin Olsson,Jul,9,15:50:39,2012,200,4,4
Ander Conselvan de Oliveira,Jul,9,13:15:20,2012,300,1,1
Martin Olsson,Jul,9,11:35:57,2012,200,9,6
Martin Olsson,Jul,9,11:35:56,2012,200,1,1
Martin Olsson,Jul,9,11:35:55,2012,200,1,1
Martin Olsson,Jul,9,11:35:54,2012,200,11,9
Kristian Høgsberg,Jul,2,14:34:48,2012,-400,2,2
Christopher James Halse Rogers,Jul,2,20:03:31,2012,1000,9,9
Christopher James Halse Rogers,Jul,2,20:03:30,2012,1000,188,12
Dylan Noblesmith,Jun,15,22:56:37,2012,0,86,1
Dylan Noblesmith,Jun,15,22:44:28,2012,0,13,12
Dylan Noblesmith,Jun,15,22:06:58,2012,0,9,9
Dylan Noblesmith,Jun,15,21:39:50,2012,0,13,1
Dylan Noblesmith,Jun,15,21:32:19,2012,0,15,1
Dylan Noblesmith,Jun,16,22:51:35,2012,0,2,0
Dylan Noblesmith,Jun,30,19:50:09,2012,0,10,10
Dylan Noblesmith,Jun,16,22:47:42,2012,0,16,8
Dylan Noblesmith,Jun,15,22:01:06,2012,0,2,2
Dylan Noblesmith,Jun,15,21:09:00,2012,0,15,6
Kristian Høgsberg,Jun,28,22:01:58,2012,-400,57,4
Ander Conselvan de Oliveira,Jun,28,18:08:03,2012,300,3,2
Kristian Høgsberg,Jun,27,10:30:08,2012,-400,2,2
Kristian Høgsberg,Jun,25,18:09:00,2012,-400,2,2
Kristian Høgsberg,Jun,22,14:38:12,2012,-400,31,17
Kristian Høgsberg,Jun,22,12:20:00,2012,-400,1,1
Daniel Stone,Jun,22,13:21:26,2012,100,26,1
Ander Conselvan de Oliveira,Jun,19,13:45:39,2012,300,4,1
Daniel Stone,Jun,18,20:01:05,2012,100,2,1
Kristian Høgsberg,Jun,18,12:09:47,2012,-400,2,1
Kristian Høgsberg,Jun,15,16:09:39,2012,-400,36,38
Kristian Høgsberg,Jun,15,11:09:36,2012,-400,5,0
Ander Conselvan de Oliveira,Jun,15,17:27:33,2012,300,45,7
Ander Conselvan de Oliveira,Jun,15,17:27:32,2012,300,21,6
Kristian Høgsberg,Jun,13,13:33:01,2012,-400,14,0
Kristian Høgsberg,Jun,12,17:48:19,2012,-400,1,0
Kristian Høgsberg,Jun,12,17:45:25,2012,-400,62,65
Jonas Ådahl,Jun,12,23:57:33,2012,200,5,0
Jonas Ådahl,Jun,12,23:57:32,2012,200,3,0
Ander Conselvan de Oliveira,Jun,8,11:58:02,2012,300,10,1
Pekka Paalanen,Jun,6,14:30:19,2012,300,10,7
Pekka Paalanen,Jun,6,14:30:18,2012,300,11,8
Kristian Høgsberg,Jun,5,9:56:42,2012,-400,6,0
Kristian Høgsberg,Jun,3,23:11:34,2012,-400,12,0
Kristian Høgsberg,Jun,3,17:30:12,2012,-400,39,22
Daniel Stone,Jun,1,12:13:37,2012,100,18,0
Kristian Høgsberg,May,31,23:29:08,2012,-400,9,5
Kristian Høgsberg,May,31,23:28:31,2012,-400,2,0
Kristian Høgsberg,May,31,23:26:50,2012,-400,2,1
Daniel Stone,May,30,16:31:49,2012,100,1,1
Daniel Stone,May,30,16:31:48,2012,100,30,6
Daniel Stone,May,30,16:31:47,2012,100,34,1
Daniel Stone,May,30,16:31:46,2012,100,8,10
Daniel Stone,May,30,16:31:45,2012,100,1,1
Martin Minarik,May,29,17:38:51,2012,200,7,10
Martin Minarik,May,29,17:37:02,2012,200,41,0
Pekka Paalanen,May,29,16:53:21,2012,300,2,0
Pekka Paalanen,May,29,16:53:20,2012,300,27,0
Rob Bradford,May,29,14:10:30,2012,100,1,1
Ander Conselvan de Oliveira,May,29,10:58:26,2012,300,55,34
Ander Conselvan de Oliveira,May,25,10:40:28,2012,300,1,1
Ander Conselvan de Oliveira,May,24,16:17:48,2012,300,145,53
Ander Conselvan de Oliveira,May,24,16:17:47,2012,300,3,39
Ander Conselvan de Oliveira,May,23,16:09:55,2012,300,5,7
Yan Wang,May,23,14:14:30,2012,800,8,0
Diego Viola,May,23,2:08:08,2012,-400,3,3
Kristian Høgsberg,May,22,22:41:21,2012,-400,3,3
Rob Bradford,May,22,18:48:14,2012,100,1,0
Rob Bradford,May,22,18:48:13,2012,100,1,0
Ander Conselvan de Oliveira,May,22,15:39:41,2012,300,1375,1
Ander Conselvan de Oliveira,May,22,15:39:40,2012,300,40,5
Tiago Vignatti,May,21,16:47:44,2012,300,4,0
Kristian Høgsberg,May,16,14:25:45,2012,-400,2,2
Daniel Stone,May,16,18:44:40,2012,100,494,306
Darxus,May,14,16:41:10,2012,-400,25,0
Pekka Paalanen,May,15,10:29:12,2012,300,16,0
Kristian Høgsberg,May,11,23:36:20,2012,-400,211,12
Kristian Høgsberg,May,11,11:27:22,2012,-400,7,0
Kristian Høgsberg,May,10,14:13:05,2012,-400,2,1
Kristian Høgsberg,May,10,12:09:56,2012,-400,38,62
Kristian Høgsberg,May,10,11:56:39,2012,-400,31,13
Kristian Høgsberg,May,9,11:26:30,2012,-400,66,54
Kristian Høgsberg,May,8,14:49:44,2012,-400,0,0
Daniel Stone,May,8,17:17:26,2012,100,28,0
Daniel Stone,May,8,17:17:25,2012,100,3,0
Kristian Høgsberg,May,8,10:42:42,2012,-400,2,0
Kristian Høgsberg,May,8,9:58:01,2012,-400,2,0
Kristian Høgsberg,May,8,9:57:17,2012,-400,0,0
Kristian Høgsberg,May,8,9:55:55,2012,-400,1,0
Kristian Høgsberg,May,8,9:37:34,2012,-400,0,0
Kristian Høgsberg,May,8,9:30:49,2012,-400,98,0
Tiago Vignatti,May,8,14:58:02,2012,300,1,0
Kristian Høgsberg,May,7,23:45:20,2012,-400,0,0
Kristian Høgsberg,May,7,23:41:48,2012,-400,34,0
Kristian Høgsberg,May,7,22:43:56,2012,-400,17,0
Kristian Høgsberg,May,7,22:23:05,2012,-400,25,0
Daniel Stone,May,4,11:21:20,2012,100,5,0
Kristian Høgsberg,May,3,15:41:50,2012,-400,1,0
Daniel Stone,May,1,20:30:12,2012,100,1,0
Kristian Høgsberg,May,2,9:39:17,2012,-400,9,0
Nicolas Pouillon,May,2,8:46:47,2012,200,0,0
Kristian Høgsberg,May,1,13:50:23,2012,-400,8,0
Kristian Høgsberg,Apr,27,11:31:07,2012,-400,0,0
Kristian Høgsberg,Apr,27,11:28:06,2012,-400,0,0
Kristian Høgsberg,Apr,27,11:26:57,2012,-400,0,0
Kristian Høgsberg,Apr,26,8:06:43,2012,-400,4,0
Kristian Høgsberg,Apr,25,10:12:21,2012,-400,0,0
Pekka Paalanen,Mar,22,14:24:18,2012,200,2,2
Pekka Paalanen,Mar,22,14:16:10,2012,200,29,8
Pekka Paalanen,Mar,22,15:02:05,2012,200,74,1
Pekka Paalanen,Mar,21,16:00:23,2012,200,229,1
Pekka Paalanen,Apr,23,14:36:32,2012,300,3,0
Pekka Paalanen,Apr,23,13:55:55,2012,300,4,0
Pekka Paalanen,Apr,23,12:10:45,2012,300,9,0
Pekka Paalanen,Apr,23,11:37:40,2012,300,0,0
Kristian Høgsberg,Apr,22,14:17:02,2012,-400,0,0
Kristian Høgsberg,Apr,22,14:16:08,2012,-400,0,0
Kristian Høgsberg,Apr,22,13:49:35,2012,-400,94,0
Kristian Høgsberg,Apr,21,23:50:09,2012,-400,5,0
Kristian Høgsberg,Apr,20,13:43:08,2012,-400,0,0
Casey Dahlin,Apr,17,17:22:45,2012,-400,0,0
Pekka Paalanen,Apr,20,14:33:49,2012,300,0,0
Pekka Paalanen,Mar,21,11:11:26,2012,200,211,3
Pekka Paalanen,Apr,20,14:22:51,2012,300,4,0
Pekka Paalanen,Apr,20,11:21:34,2012,300,0,0
Pekka Paalanen,Apr,19,16:52:32,2012,300,1,0
Scott Moreau,Apr,16,11:25:39,2012,-600,4,0
Kristian Høgsberg,Apr,19,12:37:40,2012,-400,0,0
Kristian Høgsberg,Apr,19,12:07:20,2012,-400,0,0
Pekka Paalanen,Apr,19,14:46:52,2012,300,0,0
Pekka Paalanen,Apr,19,14:26:51,2012,300,3,0
Pekka Paalanen,Apr,19,14:06:08,2012,300,6,0
Pekka Paalanen,Apr,19,12:14:19,2012,300,0,0
Pekka Paalanen,Apr,19,12:12:13,2012,300,6,0
Pekka Paalanen,Apr,17,15:16:38,2012,300,2,0
Kristian Høgsberg,Apr,13,12:51:40,2012,-400,0,0
Kristian Høgsberg,Apr,13,12:48:38,2012,-400,3,0
Kristian Høgsberg,Apr,13,10:39:24,2012,-400,0,0
Kristian Høgsberg,Apr,13,10:13:49,2012,-400,2,0
Kristian Høgsberg,Apr,13,10:13:21,2012,-400,1,0
Kristian Høgsberg,Apr,13,10:11:11,2012,-400,8,0
Kristian Høgsberg,Apr,13,9:53:15,2012,-400,2,0
Neil Roberts,Apr,11,16:59:05,2012,100,4,0,,
Kristian Høgsberg,Apr,12,17:43:12,2012,-400,0,0,,
Kristian Høgsberg,Apr,12,15:29:48,2012,-400,69,0,,
Kristian Høgsberg,Apr,11,22:25:51,2012,-400,93,0,,
Jørgen Lind,Apr,6,13:27:57,2012,200,7,0,,
Benjamin Franzke,Apr,6,15:54:38,2012,200,1,0,,
Kristian Høgsberg,Apr,3,12:08:50,2012,-400,147,54,,_
Alex Wu,Apr,1,20:13:07,2012,800,8,0,,
Kristian Høgsberg,Mar,30,11:27:02,2012,-400,4,4,,
Kristian Høgsberg,Mar,30,10:41:38,2012,-400,5,5,,
Kristian Høgsberg,Mar,30,10:36:57,2012,-400,3,3,,
Kristian Høgsberg,Mar,30,10:28:39,2012,-400,2,2,,
Kristian Høgsberg,Mar,30,10:24:29,2012,-400,2,2,,
Pekka Paalanen,Mar,30,16:38:39,2012,300,3,3,,
Pekka Paalanen,Mar,23,14:00:32,2012,200,1,1,,
Pekka Paalanen,Mar,22,11:33:35,2012,200,2,2,,
Pekka Paalanen,Mar,22,17:21:58,2012,200,2,1
Pekka Paalanen,Mar,22,11:30:35,2012,200,1,1
Kristian Høgsberg,Mar,29,14:11:16,2012,-400,1,0
Kristian Høgsberg,Mar,29,13:34:08,2012,-400,17,0
Kristian Høgsberg,Mar,28,23:13:59,2012,-400,2,0
Peter Hutterer,Mar,29,10:50:13,2012,1000,383,383
Peter Hutterer,Mar,29,10:50:12,2012,1000,694,694
Peter Hutterer,Mar,29,10:50:11,2012,1000,80,0
Peter Hutterer,Mar,29,10:50:10,2012,1000,947,661
Kristian Høgsberg,Mar,27,16:36:25,2012,-400,2,1
Ander Conselvan de Oliveira,Mar,27,17:36:35,2012,300,8,0
Kristian Høgsberg,Mar,26,16:33:24,2012,-400,10,73
U. Artie Eoff,Mar,23,10:01:23,2012,-700,37,1
Kristian Høgsberg,Mar,24,14:34:05,2012,-400,22,0
Kristian Høgsberg,Mar,24,14:27:30,2012,-400,24,0
Kristian Høgsberg,Mar,23,16:57:34,2012,-400,8,0
Kristian Høgsberg,Mar,23,16:56:19,2012,-400,25,23
Kristian Høgsberg,Mar,23,11:41:34,2012,-400,51,0
Kristian Høgsberg,Mar,23,11:32:17,2012,-400,42,16
Kristian Høgsberg,Mar,23,0:48:19,2012,-400,7,5
Kristian Høgsberg,Mar,23,0:27:04,2012,-400,1,1
Scott Moreau,Mar,20,9:10:18,2012,-600,16,0
Kristian Høgsberg,Mar,21,10:32:06,2012,-400,1,0
Jonas Ådahl,Mar,21,10:31:24,2012,100,49,50
Kristian Høgsberg,Mar,21,10:29:47,2012,-400,70,0
Bill Spitzak,Mar,18,18:54:21,2012,-700,2,1
Üstün Ergeno_lu,Mar,17,19:09:39,2012,200,9,1
Ander Conselvan de Oliveira,Mar,14,14:47:40,2012,200,58,2
Ander Conselvan de Oliveira,Mar,13,13:16:13,2012,200,2,1
Kristian Høgsberg,Mar,20,12:32:51,2012,-400,166,38
Kristian Høgsberg,Mar,16,9:26:05,2012,-400,1,1
Ander Conselvan de Oliveira,Mar,9,12:51:42,2012,200,26,4
Kristian Høgsberg,Mar,5,22:29:53,2012,-500,23,16
Kristian Høgsberg,Mar,5,22:26:17,2012,-500,77,0
Kristian Høgsberg,Mar,5,21:53:38,2012,-500,22,0
Kristian Høgsberg,Mar,5,21:40:01,2012,-500,6,9
Kristian Høgsberg,Mar,5,21:38:25,2012,-500,165,1
Kristian Høgsberg,Mar,5,21:14:57,2012,-500,46,0
Kristian Høgsberg,Mar,5,21:02:53,2012,-500,2,0
Gaetan Nadon,Mar,3,17:32:59,2012,-500,1,1
Kristian Høgsberg,Mar,5,10:31:53,2012,-500,22,1
Gaetan Nadon,Mar,4,12:15:31,2012,-500,1,1
Gaetan Nadon,Mar,3,17:32:58,2012,-500,538,522
Gaetan Nadon,Mar,3,17:32:57,2012,-500,4,2
Kristian Høgsberg,Mar,4,13:40:49,2012,-500,27,6
Kristian Høgsberg,Mar,3,0:39:42,2012,-500,1,1
Kristian Høgsberg,Mar,3,0:29:21,2012,-500,59,0
Kristian Høgsberg,Mar,2,23:42:46,2012,-500,145,2
Kristian Høgsberg,Mar,2,23:42:07,2012,-500,2,1
Kristian Høgsberg,Mar,2,23:38:31,2012,-500,3,1
Kristian Høgsberg,Mar,2,22:45:28,2012,-500,1,1
Kristian Høgsberg,Mar,2,18:03:16,2012,-500,281,1
Ander Conselvan de Oliveira,Mar,2,15:45:56,2012,200,41,16
Pekka Paalanen,Mar,2,18:09:27,2012,200,7,5
Pekka Paalanen,Mar,2,17:08:59,2012,200,32,48
Pekka Paalanen,Mar,2,15:16:33,2012,200,51,8
Kristian Høgsberg,Mar,1,22:46:07,2012,-500,8,7
Ander Conselvan de Oliveira,Mar,1,14:09:42,2012,200,19,1
Ander Conselvan de Oliveira,Mar,1,14:09:41,2012,200,4,1
Kristian Høgsberg,Feb,29,12:49:25,2012,-500,2,2
Rob Bradford,Feb,28,16:48:26,2012,0,34,19
Kristian Høgsberg,Feb,29,11:07:48,2012,-500,39,15
Peter Hutterer,Feb,29,11:49:16,2012,1000,18,4
Peter Hutterer,Feb,24,17:31:51,2012,1000,122,2
Peter Hutterer,Feb,24,9:42:05,2012,1000,45,1
Peter Hutterer,Feb,29,8:42:26,2012,1000,5,0
Peter Hutterer,Feb,24,11:01:39,2012,1000,319,0
Peter Hutterer,Feb,24,9:47:44,2012,1000,16,9
Peter Hutterer,Feb,24,9:37:02,2012,1000,154,0
Peter Hutterer,Feb,29,10:40:53,2012,1000,4,3
Kristian Høgsberg,Feb,28,16:42:17,2012,-500,39,0
Samuel Rødal,Feb,27,16:57:42,2012,100,3,1
Samuel Rødal,Feb,27,17:10:03,2012,100,2,2
Üstün Ergeno_lu,Feb,25,12:56:32,2012,200,12,4
Kristian Høgsberg,Feb,23,16:41:46,2012,-500,43,43
Peter Hutterer,Feb,23,15:58:37,2012,1000,258,2
Peter Hutterer,Feb,23,15:55:41,2012,1000,1,1
Peter Hutterer,Feb,23,15:55:40,2012,1000,1,1
Peter Hutterer,Feb,23,15:55:39,2012,1000,2,1
Peter Hutterer,Feb,23,15:55:38,2012,1000,3,3
Thiago Macieira,Feb,23,19:50:37,2012,100,1,0
Kristian Høgsberg,Feb,23,14:50:06,2012,-500,76,0
Kristian Høgsberg,Feb,18,1:25:44,2012,-500,25,17
Scott Moreau,Feb,18,5:05:28,2012,-700,59,0
Scott Moreau,Feb,18,5:05:27,2012,-700,39,38
Kristian Høgsberg,Feb,18,0:29:25,2012,-500,24,0
Pekka Paalanen,Feb,14,11:00:12,2012,200,6,16
Ander Conselvan de Oliveira,Feb,15,17:02:52,2012,200,35,19
Juan Zhao,Feb,7,13:39:36,2012,800,32,8
Juan Zhao,Feb,7,9:38:10,2012,800,13,0
Kristian Høgsberg,Feb,9,11:15:33,2012,-500,1,1
Kristian Høgsberg,Feb,9,11:12:18,2012,-500,1,1
Tiago Vignatti,Jan,24,18:30:13,2012,200,2,1
Tiago Vignatti,Jan,24,17:49:28,2012,200,5,5
Tiago Vignatti,Jan,24,16:11:33,2012,200,1,1
Kristian Høgsberg,Feb,9,8:28:21,2012,-500,1,0
Kristian Høgsberg,Jan,24,9:52:25,2012,-500,9,9
Jesse Barnes,Jan,18,10:06:02,2012,-800,30,3
Jesse Barnes,Jan,18,9:33:34,2012,-800,86,28
Jesse Barnes,Jan,19,14:13:36,2012,-800,48,32
Kristian Høgsberg,Jan,18,19:17:23,2012,-500,287,175
Jesse Barnes,Jan,18,14:09:47,2012,-800,146,4
Richard Hughes,Jan,13,9:20:48,2012,0,1,0
Neil Roberts,Jan,12,15:48:02,2012,0,5,5
Kristian Høgsberg,Jan,11,14:19:50,2012,-500,7,9
Kristian Høgsberg,Jan,5,8:50:25,2012,-500,26,0
Kristian Høgsberg,Jan,4,21:40:21,2012,-500,511,0
Kristian Høgsberg,Jan,4,21:29:17,2012,-500,56,0
Kristian Høgsberg,Jan,4,21:27:26,2012,-500,24,54
Kristian Høgsberg,Jan,4,9:13:27,2012,-500,8,1
Pekka Paalanen,Jan,3,16:32:41,2012,200,2,0
Pekka Paalanen,Jan,3,16:32:40,2012,200,18,0
Kristian Høgsberg,Dec,28,22:47:37,2011,-500,6,6
Kristian Høgsberg,Dec,27,13:53:59,2011,-500,3,319
Kristian Høgsberg,Dec,22,15:32:37,2011,-500,1,1
Kristian Høgsberg,Dec,22,15:23:54,2011,-500,2,2
Pekka Paalanen,Dec,22,16:52:37,2011,200,7,4
Tiago Vignatti,Dec,21,19:34:08,2011,200,1,0
Kristian Høgsberg,Dec,19,13:15:06,2011,-500,16,0
Kristian Høgsberg,Dec,17,16:05:44,2011,-500,2,2
Laszlo Agocs,Dec,16,10:29:36,2011,200,38,6
Andy Nichols,Nov,24,10:19:18,2011,100,2,0
Jørgen Lind,Dec,13,22:01:34,2011,100,7,1
Pekka Paalanen,Dec,13,14:53:54,2011,200,10,3
Pekka Paalanen,Dec,5,10:04:37,2011,200,1,0
Pekka Paalanen,Nov,29,14:32:32,2011,200,5,3
Pekka Paalanen,Nov,24,16:19:03,2011,200,15,11
Pekka Paalanen,Nov,28,12:23:32,2011,200,17,0
Pekka Paalanen,Nov,9,16:27:07,2011,200,2,0
Pekka Paalanen,Nov,28,9:47:15,2011,200,19,0
Kristian Høgsberg,Nov,15,8:58:34,2011,-500,132,193
Kristian Høgsberg,Nov,23,10:34:50,2011,-500,2,39
Kristian Høgsberg,Nov,18,21:59:36,2011,-500,108,30
Kristian Høgsberg,Nov,22,14:03:33,2011,-500,1,1
Kristian Høgsberg,Nov,18,21:23:33,2011,-500,1,2
Kristian Høgsberg,Nov,18,13:46:56,2011,-500,92,88
Kristian Høgsberg,Nov,18,13:11:58,2011,-500,2,4
Kristian Høgsberg,Nov,17,16:46:36,2011,-500,56,8
Kristian Høgsberg,Nov,15,22:20:28,2011,-500,34,3
Kristian Høgsberg,Nov,15,13:48:41,2011,-500,10,0
Andrea Canciani,Nov,14,10:24:47,2011,100,2,6
Kristian Høgsberg,Oct,31,11:21:38,2011,-400,3,0
Benjamin Franzke,Oct,31,11:06:35,2011,100,10,0
Kristian Høgsberg,Oct,29,14:27:33,2011,-400,4,2
Kristian Høgsberg,Oct,24,17:05:39,2011,-400,1,1
Kristian Høgsberg,Oct,24,16:05:04,2011,-400,1,1
Kristian Høgsberg,Oct,24,16:04:09,2011,-400,13,5
Kristian Høgsberg,Oct,20,15:05:11,2011,-400,5,0
Kristian Høgsberg,Oct,12,16:30:08,2011,-400,1,0
Kristian Høgsberg,Oct,11,22:19:34,2011,-400,4,4
Kristian Høgsberg,Oct,11,14:36:49,2011,-400,2,2
Mathias Fiedler,Oct,11,14:23:45,2011,-400,1,1
Mathias Fiedler,Oct,11,13:58:18,2011,-400,1,1
Benjamin Franzke,Aug,9,14:31:36,2011,200,1,1
Kristian Høgsberg,Sep,6,18:12:43,2011,-400,2,2
Kristian Høgsberg,Sep,4,9:51:24,2011,-400,12,0
Kristian Høgsberg,Sep,1,9:53:33,2011,-400,39,40
Kristian Høgsberg,Aug,30,21:26:19,2011,-400,50,88
Kristian Høgsberg,Aug,29,16:50:02,2011,-400,19,35
Kristian Høgsberg,Aug,29,15:01:41,2011,-400,17,11
Kristian Høgsberg,Aug,29,15:01:26,2011,-400,1,1
Kristian Høgsberg,Aug,27,12:05:09,2011,-400,7,2
Kristian Høgsberg,Aug,26,21:39:33,2011,-400,1,4
Kristian Høgsberg,Aug,20,15:48:11,2011,-400,2,0
Kristian Høgsberg,Aug,19,22:52:49,2011,-400,52,0
Kristian Høgsberg,Aug,19,22:50:53,2011,-400,160,66
Kristian Høgsberg,Aug,19,17:26:57,2011,-400,3,44
Kristian Høgsberg,Aug,19,17:07:14,2011,-400,18,20
Kristian Høgsberg,Aug,19,16:57:48,2011,-400,151,113
Kristian Høgsberg,Aug,19,14:48:16,2011,-400,18,0
Kristian Høgsberg,Aug,19,13:44:01,2011,-400,30,43
Kristian Høgsberg,Aug,19,13:40:28,2011,-400,44,16
Kristian Høgsberg,Aug,19,11:08:09,2011,-400,1,13
Kristian Høgsberg,Aug,19,11:06:37,2011,-400,23,18
Kristian Høgsberg,Aug,19,11:05:01,2011,-400,6,6
Kristian Høgsberg,Aug,18,17:53:50,2011,-400,170,132
Kristian Høgsberg,Jul,29,19:51:22,2011,-700,43,176
Paulo Zanoni,Aug,26,19:41:05,2011,-300,1,1
Kristian Høgsberg,Aug,12,16:32:13,2011,-400,1,1
Kristian Høgsberg,Aug,12,16:23:07,2011,-400,10,2
Jørgen Lind,Aug,4,7:56:04,2011,200,7,5
Kristian Høgsberg,Aug,12,15:09:00,2011,-400,5045,5045
Kristian Høgsberg,Aug,11,14:51:31,2011,-400,18,13
Kristian Høgsberg,Jul,27,12:05:34,2011,-700,1,1
Kristian Høgsberg,Jul,27,5:50:41,2011,-700,1,0
Tiago Vignatti,Jul,26,11:43:19,2011,300,7,0
Kristian Høgsberg,Jul,25,18:14:20,2011,-700,92,31
Kristian Høgsberg,Jul,19,10:01:46,2011,-700,1,5
Kristian Høgsberg,Jul,18,13:35:18,2011,-400,2,2
Casey Dahlin,Jul,18,2:00:25,2011,-400,1,1
Kristian Høgsberg,Jul,18,13:10:49,2011,-400,6,2
Casey Dahlin,Jul,18,2:00:24,2011,-400,5,0
Tiago Vignatti,Jul,14,18:56:51,2011,300,3,3
Tiago Vignatti,Jul,14,18:56:40,2011,300,23,13
Kristian Høgsberg,Jul,12,13:22:59,2011,-400,1,1
Kristian Høgsberg,Jul,12,13:22:25,2011,-400,99,2
Kristian Høgsberg,Jul,11,11:15:00,2011,-400,1,1
Kristian Høgsberg,Jul,7,13:39:08,2011,-400,1,1
Laszlo Agocs,Jun,29,17:54:11,2011,300,27,0
Kristian Høgsberg,Jun,29,11:43:11,2011,-400,10,0
Kristian Høgsberg,Jun,23,6:43:47,2011,-400,18,19
Kristian Høgsberg,Jun,21,16:25:28,2011,-400,1,34
Benjamin Franzke,Jun,21,17:37:18,2011,200,1,0
Benjamin Franzke,May,10,12:01:00,2011,200,6,3
Benjamin Franzke,May,9,17:35:58,2011,200,0,0
Kristian Høgsberg,Jun,20,20:34:55,2011,-400,26,1
Laszlo Agocs,Jun,14,10:35:46,2011,200,54,0
Laszlo Agocs,Jun,14,11:41:54,2011,200,16,3
Kristian Høgsberg,Jun,18,8:17:40,2011,-400,33,28
Corentin Chary,Jun,10,10:27:16,2011,200,5,0
Corentin Chary,Jun,10,10:24:23,2011,200,4,0
Kristian Høgsberg,Jun,7,13:19:28,2011,-400,8,0
Kristian Høgsberg,Jun,7,10:53:27,2011,-400,1,1
Samuel Rødal,May,30,17:23:40,2011,200,7,1
Benjamin Franzke,May,31,11:18:06,2011,200,1,1
Kristian Høgsberg,May,19,11:53:39,2011,-400,10,0
Kristian Høgsberg,May,12,21:29:22,2011,-400,46,50
Kristian Høgsberg,May,12,21:27:57,2011,-400,9,2
Kristian Høgsberg,May,11,11:00:40,2011,-400,16,15
Kristian Høgsberg,May,11,10:57:06,2011,-400,57,57
Kristian Høgsberg,May,10,22:56:01,2011,-400,155,83
Kristian Høgsberg,May,10,21:49:22,2011,-400,1,1
Robert Bragg,May,10,17:51:52,2011,100,8,0
Benjamin Franzke,May,10,12:56:22,2011,200,5,0
jani.uusi-rantala@nokia.com,May,6,6:13:36,2011,0,0,0
Benjamin Franzke,May,6,17:09:51,2011,200,13,0
Benjamin Franzke,May,4,21:21:52,2011,200,0,0
Kristian Høgsberg,May,4,15:51:47,2011,-400,0,0
Kristian Høgsberg,May,4,15:29:55,2011,-400,1,0
Kristian Høgsberg,May,4,12:35:16,2011,-400,2,0
Kristian Høgsberg,May,2,14:48:48,2011,-400,1,0
Casey Dahlin,Apr,29,2:37:47,2011,-400,1,0
Kristian Høgsberg,Apr,29,9:20:29,2011,-400,0,0
Kristian Høgsberg,Apr,22,17:54:18,2011,-400,0,0
Kristian Høgsberg,Apr,22,12:15:21,2011,-400,11,0
Kristian Høgsberg,Apr,22,12:06:34,2011,-400,50,0
Benjamin Franzke,Mar,8,11:32:24,2011,100,0,0
Benjamin Franzke,Mar,7,15:09:36,2011,100,0,0
Benjamin Franzke,Mar,7,15:05:27,2011,100,11,0
Kristian Høgsberg,Apr,21,14:41:48,2011,-400,17,0
Kristian Høgsberg,Apr,18,12:35:01,2011,-400,7,0
Kristian Høgsberg,Apr,18,10:24:11,2011,-400,67,0
Kristian Høgsberg,Apr,14,16:29:59,2011,-400,5,0
Kristian Høgsberg,Apr,14,10:38:44,2011,-400,24,0
Kristian Høgsberg,Apr,13,16:50:02,2011,-400,38,0
Kristian Høgsberg,Apr,13,16:27:06,2011,-400,32,0
Jørgen Lind,Apr,13,9:38:29,2011,200,0,0
Kristian Høgsberg,Apr,11,9:24:11,2011,-400,6,0
Kristian Høgsberg,Apr,11,9:15:09,2011,-400,1,0
Kristian Høgsberg,Apr,11,9:14:43,2011,-400,17,0
Harald Fernengel,Apr,6,15:36:01,2011,200,1,0
Benjamin Franzke,Mar,14,12:03:13,2011,100,6,0
Iskren Chernev,Mar,13,21:08:37,2011,200,5,0
Iskren Chernev,Mar,13,21:05:14,2011,200,5,0
Iskren Chernev,Mar,13,17:01:33,2011,200,0,0
Iskren Chernev,Mar,13,16:59:30,2011,200,2,0
Kristian Høgsberg,Mar,12,21:26:21,2011,-500,11,0
Iskren Chernev,Mar,11,16:59:53,2011,200,12,0
Iskren Chernev,Mar,11,14:43:10,2011,200,1,0
Iskren Chernev,Mar,11,14:58:06,2011,200,1,0
Iskren Chernev,Mar,11,14:19:00,2011,200,0,0
Benjamin Franzke,Feb,21,9:58:29,2011,100,0,0
Rico Tzschichholz,Feb,24,10:53:06,2011,100,1,0
Kristian Høgsberg,Feb,18,15:28:54,2011,-500,30,0
Liu,nyun,,,,,5,5
Kristian Høgsberg,Feb,14,22:17:41,2011,-500,13320,0
Kristian Høgsberg,Feb,14,10:39:54,2011,-500,37,0
Benjamin Franzke,Feb,14,13:20:09,2011,100,0,0
Kristian Høgsberg,Feb,13,13:44:55,2011,-500,42,0
Kristian Høgsberg,Feb,13,13:00:51,2011,-500,14,0
Tim Wiederhake,Feb,11,19:37:40,2011,100,1,0
Kristian Høgsberg,Feb,10,12:27:35,2011,-500,0,0
Tiago Vignatti,Feb,10,15:21:49,2011,200,2,0
Kristian Høgsberg,Feb,9,10:57:44,2011,-500,7,0
Kristian Høgsberg,Feb,9,10:51:15,2011,-500,5,0
Kristian Høgsberg,Feb,9,10:50:06,2011,-500,0,0
Kristian Høgsberg,Feb,8,11:59:53,2011,-500,0,0
Kristian Høgsberg,Feb,7,20:48:01,2011,-500,2,0
Kristian Høgsberg,Feb,7,16:05:36,2011,-500,2,0
Kristian Høgsberg,Feb,7,10:30:38,2011,-500,14,0
Kristian Høgsberg,Feb,6,16:54:59,2011,-500,10,0
Kristian Høgsberg,Feb,6,12:58:44,2011,-500,0,0
Kristian Høgsberg,Feb,4,15:31:33,2011,-500,121,0
Kristian Høgsberg,Feb,4,14:14:23,2011,-500,0,0
Kristian Høgsberg,Feb,4,14:11:33,2011,-500,96,0
Benjamin Franzke,Feb,4,11:22:35,2011,100,1,0
Kristian Høgsberg,Feb,1,20:28:32,2011,-500,2,0
Benjamin Franzke,Feb,1,16:30:31,2011,100,3,0
nobled,Feb,1,18:51:47,2011,0,0,0
nobled,Feb,1,18:48:46,2011,0,4,0
Benjamin Franzke,Jan,29,13:12:39,2011,100,2,0
Benjamin Franzke,Jan,29,9:51:57,2011,100,2,0
Tim Wiederhake,Jan,29,1:30:25,2011,100,0,0
Kristian Høgsberg,Jan,28,15:53:07,2011,-500,11,0
Kristian Høgsberg,Jan,28,15:18:33,2011,-500,37,0
Benjamin Franzke,Jan,28,16:05:46,2011,100,2,0
nobled,Jan,28,13:47:21,2011,0,1,0
Kristian Høgsberg,Jan,27,20:18:17,2011,-500,2,0
Kristian Høgsberg,Jan,27,11:57:19,2011,-500,3,0
Tim Wiederhake,Jan,27,1:32:36,2011,100,0,0
Kristian Høgsberg,Jan,26,20:35:07,2011,-500,37,0
Kristian Høgsberg,Jan,26,15:33:24,2011,-500,2,0
Kristian Høgsberg,Jan,26,14:37:07,2011,-500,23,0
Kristian Høgsberg,Jan,26,14:02:31,2011,-500,2,0
Kristian Høgsberg,Jan,26,11:46:35,2011,-500,0,0
Kristian Høgsberg,Jan,26,11:46:05,2011,-500,2,0
Tim Wiederhake,Jan,25,22:39:00,2011,100,4,0
Kristian Høgsberg,Jan,25,16:38:41,2011,-500,1,0
Tim Wiederhake,Jan,25,22:22:00,2011,100,0,0
Tim Wiederhake,Jan,25,22:21:59,2011,100,5,0
Tim Wiederhake,Jan,25,22:21:58,2011,100,5,0
Tim Wiederhake,Jan,25,22:21:57,2011,100,17,0
Tim Wiederhake,Jan,25,22:21:56,2011,100,12,0
Tim Wiederhake,Jan,25,22:21:55,2011,100,2,0
Kristian Høgsberg,Jan,25,15:16:01,2011,-500,24,0
Kristian Høgsberg,Jan,25,15:11:53,2011,-500,1,0
Darxus@chaosreigns.com,Jan,25,15:00:56,2011,-500,8,0
Kristian Høgsberg,Jan,25,12:45:37,2011,-500,2,0
Kristian Høgsberg,Jan,25,12:44:19,2011,-500,0,0
Tim Wiederhake,Jan,25,12:01:00,2011,100,4,0
nobled,Jan,24,16:27:27,2011,0,3,0
nobled,Jan,24,16:01:26,2011,0,2,0
Darxus,Jan,23,18:38:57,2011,-500,3,0
Tim Wiederhake,Jan,23,23:25:26,2011,100,0,0
Tim Wiederhake,Jan,23,23:25:25,2011,100,0,0
Tim Wiederhake,Jan,23,23:25:24,2011,100,0,0
Benjamin Franzke,Jan,15,12:34:50,2011,100,0,0
Tim Wiederhake,Jan,21,16:56:07,2011,100,1,0
Tim Wiederhake,Jan,19,23:14:33,2011,100,2,0
Tim Wiederhake,Jan,17,17:50:07,2011,100,1,0
Tim Wiederhake,Jan,17,17:25:34,2011,100,8,0
Tim Wiederhake,Jan,17,12:50:28,2011,100,0,0
Tim Wiederhake,Jan,17,12:40:01,2011,100,0,0
Tim Wiederhake,Jan,17,12:37:35,2011,100,0,0
Benjamin Franzke,Jan,22,17:49:48,2011,100,2,0
Kristian Høgsberg,Jan,23,13:50:42,2011,-500,2,0
Benjamin Franzke,Jan,22,20:41:07,2011,100,0,0
Tim Wiederhake,Jan,23,12:21:15,2011,100,1,0
Kristian Høgsberg,Jan,21,22:19:40,2011,-500,4,0
Kristian Høgsberg,Jan,21,22:17:03,2011,-500,0,0
Kristian Høgsberg,Jan,21,22:01:48,2011,-500,3,0
Kristian Høgsberg,Jan,21,21:57:55,2011,-500,33,0
Kristian Høgsberg,Jan,21,18:03:15,2011,-500,20,0
Kristian Høgsberg,Jan,21,18:02:24,2011,-500,0,0
Kristian Høgsberg,Jan,21,17:12:57,2011,-500,46,0
Kristian Høgsberg,Jan,21,17:00:09,2011,-500,20,0
Kristian Høgsberg,Jan,21,16:23:09,2011,-500,42,0
Kristian Høgsberg,Jan,21,15:18:55,2011,-500,8,0
Kristian Høgsberg,Jan,21,11:35:05,2011,-500,54,0
Kristian Høgsberg,Jan,20,12:37:33,2011,-500,12,0
Kristian Høgsberg,Jan,20,11:56:57,2011,-500,6,0
Kristian Høgsberg,Jan,19,14:41:20,2011,-500,17,0
Kristian Høgsberg,Jan,19,14:27:42,2011,-500,0,0
Kristian Høgsberg,Jan,19,14:20:33,2011,-500,10,0
Kristian Høgsberg,Jan,19,14:11:48,2011,-500,1,0
Kristian Høgsberg,Jan,19,14:08:21,2011,-500,3,0
Kristian Høgsberg,Jan,18,9:23:13,2011,-500,25,0
Kristian Høgsberg,Jan,18,9:17:57,2011,-500,0,0
Kristian Høgsberg,Jan,18,9:08:53,2011,-500,6,0
Kristian Høgsberg,Jan,18,7:53:49,2011,-500,448,0
Benjamin Franzke,Jan,15,15:06:37,2011,100,1,0
Benjamin Franzke,Jan,15,12:34:49,2011,100,0,0
Benjamin Franzke,Jan,15,12:34:48,2011,100,4,0
Kristian Høgsberg,Jan,14,20:45:23,2011,-500,0,0
Kristian Høgsberg,Jan,14,20:39:21,2011,-500,2,0
Kristian Høgsberg,Jan,14,20:38:35,2011,-500,14,0
Benjamin Franzke,Jan,15,0:40:17,2011,100,1,0
Benjamin Franzke,Jan,15,0:40:00,2011,100,27,0
Kristian Høgsberg,Jan,14,17:41:33,2011,-500,13,0
Kristian Høgsberg,Jan,14,17:28:21,2011,-500,0,0
Kristian Høgsberg,Jan,14,17:27:24,2011,-500,2,0
Kristian Høgsberg,Jan,14,17:22:35,2011,-500,9,0
Kristian Høgsberg,Jan,14,16:22:37,2011,-500,6,0
Kristian Høgsberg,Jan,14,16:20:21,2011,-500,91,0
Kristian Høgsberg,Jan,14,14:59:13,2011,-500,131,0
Kristian Høgsberg,Jan,14,14:49:46,2011,-500,16,0
Kristian Høgsberg,Jan,14,14:45:42,2011,-500,194,0
Kristian Høgsberg,Jan,14,14:33:49,2011,-500,0,0
Callum Lowcay,Jan,14,20:46:23,2011,1300,3,0
Callum Lowcay,Jan,12,20:06:17,2011,1300,20,0
Callum Lowcay,Jan,12,19:23:41,2011,1300,40,0
Kristian Høgsberg,Jan,11,13:48:03,2011,-500,4,0
Kristian Høgsberg,Jan,11,11:06:49,2011,-500,25,0
Kristian Høgsberg,Dec,25,16:58:31,2010,-500,15,0
Kristian Høgsberg,Dec,25,16:14:23,2010,-500,9,0
Kristian Høgsberg,Jan,11,10:26:04,2011,-500,62,0
Kristian Høgsberg,Jan,11,10:15:21,2011,-500,0,0
Kristian Høgsberg,Jan,11,10:13:00,2011,-500,7,0
Kristian Høgsberg,Jan,11,10:11:39,2011,-500,11,0
Kristian Høgsberg,Dec,25,8:58:46,2010,-500,7,0
Kristian Høgsberg,Jan,11,10:00:52,2011,-500,135,0
Tiago Vignatti,Jan,10,19:30:04,2011,200,0,0
Callum Lowcay,Jan,10,12:14:01,2011,1300,11,0
Callum Lowcay,Jan,7,19:47:03,2011,0,20,0
Callum Lowcay,Jan,7,19:47:02,2011,0,5,0
Callum Lowcay,Jan,7,19:47:01,2011,0,0,0
Callum Lowcay,Jan,7,19:47:00,2011,0,2,0
Callum Lowcay,Jan,7,19:46:59,2011,0,43,0
Callum Lowcay,Jan,7,19:46:58,2011,0,16,0
Callum Lowcay,Jan,7,19:46:57,2011,0,57,0
Callum Lowcay,Jan,7,19:46:56,2011,0,8,0
Callum Lowcay,Jan,7,19:46:55,2011,0,38,0
Callum Lowcay,Jan,7,19:46:54,2011,0,25,0
Kristian Høgsberg,Jan,7,16:13:00,2011,-500,1,0
Kristian Høgsberg,Jan,7,14:42:49,2011,-500,0,0
Kristian Høgsberg,Jan,7,14:04:43,2011,-500,1,0
Kristian Høgsberg,Jan,7,9:19:25,2011,-500,6,0
Kristian Høgsberg,Jan,7,8:38:56,2011,-500,1,0
Kristian Høgsberg,Jan,6,15:45:19,2011,-500,2,0
Kristian Høgsberg,Jan,6,15:32:14,2011,-500,0,0
Kristian Høgsberg,Jan,6,10:00:23,2011,-500,30,0
nobled,Jan,5,17:48:15,2011,0,2,0
Kristian Høgsberg,Jan,5,17:34:54,2011,-500,69,0
nobled,Jan,5,17:41:55,2011,0,0,0
Kristian Høgsberg,Jan,1,10:55:45,2011,-500,0,0
Kristian Høgsberg,Dec,17,9:54:45,2010,-500,2,0
Kristian Høgsberg,Dec,17,9:53:12,2010,-500,158,0
Kristian Høgsberg,Dec,16,21:11:10,2010,-500,34,0
Kristian Høgsberg,Dec,16,14:56:41,2010,-500,5,0
Kristian Høgsberg,Dec,16,13:35:23,2010,-500,1,0
Joel Teichroeb,Dec,11,21:08:53,2010,-800,1,0
Kristian Høgsberg,Dec,9,11:29:40,2010,-500,31,0
Kristian Høgsberg,Dec,9,11:06:46,2010,-500,0,0
Kristian Høgsberg,Dec,8,15:12:58,2010,-500,46,0
Kristian Høgsberg,Dec,8,11:07:57,2010,-500,5,0
Kristian Høgsberg,Dec,8,9:48:52,2010,-500,135,0
Kristian Høgsberg,Dec,7,20:19:10,2010,-500,1,0
Kristian Høgsberg,Dec,7,17:06:15,2010,-500,63,0
Kristian Høgsberg,Dec,7,15:08:16,2010,-500,9,0
Kristian Høgsberg,Dec,7,14:58:57,2010,-500,50,0
Kristian Høgsberg,Dec,7,13:30:18,2010,-500,23,0
Kristian Høgsberg,Dec,7,13:04:43,2010,-500,42,0
Kristian Høgsberg,Dec,7,12:29:03,2010,-500,2,0
Kristian Høgsberg,Dec,7,9:15:57,2010,-500,29,0
Kristian Høgsberg,Dec,7,9:03:02,2010,-500,0,0
Kristian Høgsberg,Dec,7,9:02:09,2010,-500,44,0
Kristian Høgsberg,Dec,7,8:59:51,2010,-500,26,0
Kristian Høgsberg,Dec,6,21:41:10,2010,-500,15,0
Kristian Høgsberg,Dec,6,21:38:50,2010,-500,14,0
Kristian Høgsberg,Dec,6,21:35:19,2010,-500,32,0
Kristian Høgsberg,Dec,6,21:32:15,2010,-500,8,0
Kristian Høgsberg,Dec,6,17:33:11,2010,-500,45,0
Kristian Høgsberg,Dec,6,16:56:28,2010,-500,15,0
Kristian Høgsberg,Dec,6,16:43:16,2010,-500,35,0
Kristian Høgsberg,Dec,6,10:46:37,2010,-500,33,0
Yuval Fledel,Dec,6,9:18:12,2010,-500,61,0
Kristian Høgsberg,Dec,1,20:10:10,2010,-500,5,0
Kristian Høgsberg,Dec,1,20:06:39,2010,-500,7,0
Kristian Høgsberg,Dec,1,17:46:56,2010,-500,3,0
Kristian Høgsberg,Dec,1,17:07:41,2010,-500,206,0
Kristian Høgsberg,Dec,1,17:00:17,2010,-500,0,0
Kristian Høgsberg,Dec,1,16:52:15,2010,-500,16,0
Kristian Høgsberg,Dec,1,16:43:56,2010,-500,1,0
Kristian Høgsberg,Dec,1,15:36:20,2010,-500,51,0
Kristian Høgsberg,Dec,1,10:21:15,2010,-500,5,0
Kristian Høgsberg,Dec,1,10:17:47,2010,-500,101,0
Kristian Høgsberg,Dec,1,9:50:16,2010,-500,8,0
Kristian Høgsberg,Dec,1,9:46:10,2010,-500,0,0
Kristian Høgsberg,Dec,1,9:42:10,2010,-500,6,0
Kristian Høgsberg,Dec,1,9:40:58,2010,-500,1,0
Kristian Høgsberg,Dec,1,9:39:37,2010,-500,2,0
Yuval Fledel,Nov,23,1:56:45,2010,200,7,0
Joel Teichroeb,Nov,30,10:22:16,2010,-800,28,0
Kristian Høgsberg,Nov,30,15:10:26,2010,-500,6,0
Kristian Høgsberg,Nov,30,14:01:07,2010,-500,14,0
Joel Teichroeb,Nov,30,10:22:13,2010,-800,8,0
Benjamin Franzke,Nov,27,19:04:12,2010,100,6,0
Benjamin Franzke,Nov,27,19:04:11,2010,100,4,0
Kristian Høgsberg,Nov,29,17:04:21,2010,-500,42,0
Yuval Fledel,Nov,29,21:29:10,2010,200,1,0
Yuval Fledel,Nov,29,21:05:26,2010,200,4,0
Fred Morcos,Nov,28,19:31:55,2010,100,0,0
Kristian Høgsberg,Nov,29,8:13:35,2010,-500,3,0
Kristian Høgsberg,Nov,24,14:29:59,2010,-500,2,0
Joel Teichroeb,Nov,23,18:01:40,2010,-800,3,0
Darxus,Nov,22,21:24:39,2010,-500,8,0
Yuval Fledel,Nov,22,21:34:19,2010,200,0,0
Yuval Fledel,Nov,22,21:42:58,2010,200,5,0
Yuval Fledel,Nov,22,21:25:58,2010,200,1,0
Kristian Høgsberg,Nov,22,13:58:46,2010,-500,24,0
Kristian Høgsberg,Nov,22,13:02:21,2010,-500,2,0
Fabian Henze,Nov,19,10:28:32,2010,100,2,0
Bryce Harrington,Nov,19,12:14:39,2010,-800,4,0
Bryce Harrington,Nov,19,12:14:55,2010,-800,0,0
Bryce Harrington,Nov,19,12:15:15,2010,-800,0,0
Bryce Harrington,Nov,19,12:15:36,2010,-800,13,0
Benjamin Franzke,Nov,21,11:47:11,2010,100,0,0
Kristian Høgsberg,Nov,19,10:47:28,2010,-500,31,0
Kristian Høgsberg,Nov,16,10:57:55,2010,-500,22,0
Kristian Høgsberg,Nov,16,10:55:13,2010,-500,1,0
Nikolai Kondrashov,Nov,8,19:38:40,2010,300,10,0
Peter Hutterer,Nov,9,16:31:30,2010,1000,4,0
Tiago Vignatti,Nov,10,2:42:35,2010,200,1,0
Jesse Barnes,Nov,8,11:51:12,2010,-800,0,0
Kristian Høgsberg,Nov,8,15:45:55,2010,-500,90,0
Johan Bilien,Nov,7,9:52:11,2010,-500,1,0
Nikolai Kondrashov,Nov,8,12:59:53,2010,300,1,0
Kristian Høgsberg,Nov,8,8:54:35,2010,-500,0,0
Javier Jardón,Nov,6,1:55:27,2010,100,16,0
Kristian Høgsberg,Oct,31,14:24:39,2010,-400,2,0
Chia-I Wu,Oct,29,15:20:18,2010,800,0,0
Chia-I Wu,Oct,29,15:20:17,2010,800,3,0
Chia-I Wu,Oct,29,15:20:16,2010,800,5,0
Kristian Høgsberg,Oct,27,15:02:51,2010,-400,2,0
Kristian Høgsberg,Oct,26,11:26:44,2010,-400,15,0
Kristian Høgsberg,Oct,26,0:02:20,2010,-400,19,0
Kristian Høgsberg,Oct,25,11:40:03,2010,-400,100,0
Kristian Høgsberg,Oct,25,10:28:23,2010,-400,3,0
Kristian Høgsberg,Oct,15,22:47:09,2010,-400,0,0
Kristian Høgsberg,Oct,12,18:04:57,2010,-400,0,0
Kristian Høgsberg,Oct,12,17:24:20,2010,-400,494,0
Kristian Høgsberg,Oct,12,15:48:29,2010,-400,2,0
Kristian Høgsberg,Oct,12,13:53:13,2010,-400,1,0
Kristian Høgsberg,Oct,8,9:32:55,2010,-400,5,0
Kristian Høgsberg,Oct,8,8:58:51,2010,-400,1,0
Kristian Høgsberg,Oct,6,21:17:40,2010,-400,46,0
Kristian Høgsberg,Sep,24,10:01:18,2010,-400,5,0
Kristian Høgsberg,Sep,17,9:04:46,2010,-400,1,0
Kristian Høgsberg,Sep,16,9:10:17,2010,-400,0,0
Kristian Høgsberg,Sep,14,16:23:24,2010,-400,27,0
Kristian Høgsberg,Sep,14,15:53:32,2010,-400,19,0
Kristian Høgsberg,Sep,14,15:52:43,2010,-400,5,0
Kristian Høgsberg,Sep,14,15:39:45,2010,-400,13,0
Kristian Høgsberg,Sep,14,13:44:37,2010,-400,0,0
Kristian Høgsberg,Sep,14,12:41:26,2010,-400,92,0
Kristian Høgsberg,Sep,14,11:25:55,2010,-400,46,0
Kristian Høgsberg,Sep,14,11:13:18,2010,-400,4077,0
Kristian Høgsberg,Sep,14,10:45:00,2010,-400,3309,0
Kristian Høgsberg,Sep,13,16:23:52,2010,-400,0,0
Kristian Høgsberg,Sep,10,8:51:09,2010,-400,0,0
Kristian Høgsberg,Sep,7,22:15:22,2010,-400,1,0
Kristian Høgsberg,Sep,7,22:06:54,2010,-400,1,0
Kristian Høgsberg,Sep,7,22:01:32,2010,-400,0,0
Kristian Høgsberg,Sep,7,21:50:06,2010,-400,0,0
Kristian Høgsberg,Sep,7,21:40:31,2010,-400,1,0
Kristian Høgsberg,Sep,7,21:34:45,2010,-400,13,0
Kristian Høgsberg,Sep,7,21:08:59,2010,-400,75,0
Kristian Høgsberg,Sep,7,20:57:40,2010,-400,41,0
Kristian Høgsberg,Sep,7,17:03:17,2010,-400,12,0
Kristian Høgsberg,Sep,7,17:00:34,2010,-400,51,0
Kristian Høgsberg,Sep,7,15:51:41,2010,-400,26,0
Kristian Høgsberg,Sep,7,15:33:56,2010,-400,3,0
Kristian Høgsberg,Sep,7,15:26:39,2010,-400,12,0
Kristian Høgsberg,Sep,7,10:58:19,2010,-400,0,0
Kristian Høgsberg,Sep,7,10:58:03,2010,-400,6,0
Kristian Høgsberg,Sep,3,22:04:35,2010,-400,30,0
Kristian Høgsberg,Sep,3,15:15:33,2010,-400,16,0
Kristian Høgsberg,Sep,3,14:46:38,2010,-400,187,0
Kristian Høgsberg,Sep,2,20:55:16,2010,-400,22,0
Kristian Høgsberg,Sep,2,20:27:16,2010,-400,24,0
Kristian Høgsberg,Sep,2,20:22:42,2010,-400,408,0
Kristian Høgsberg,Sep,1,17:18:33,2010,-400,1,0
Kristian Høgsberg,Aug,30,9:47:36,2010,-400,105,0
Kristian Høgsberg,Aug,30,8:21:44,2010,-400,0,0
Kristian Høgsberg,Aug,29,21:33:39,2010,-400,8,0
Kristian Høgsberg,Aug,29,21:12:25,2010,-400,0,0
Kristian Høgsberg,Aug,27,22:18:00,2010,-400,48,0
Kristian Høgsberg,Aug,27,22:17:13,2010,-400,4,0
Kristian Høgsberg,Aug,27,22:16:50,2010,-400,8,0
Kristian Høgsberg,Aug,27,20:29:56,2010,-400,52,0
Kristian Høgsberg,Aug,26,21:49:44,2010,-400,11,0
Kristian Høgsberg,Aug,26,17:44:31,2010,-400,106,0
Kristian Høgsberg,Aug,26,12:13:43,2010,-400,1,0
Kristian Høgsberg,Aug,25,17:11:29,2010,-400,2,0
Kristian Høgsberg,Aug,25,16:34:05,2010,-400,54,0
Kristian Høgsberg,Aug,25,13:38:40,2010,-400,2,0
Kristian Høgsberg,Aug,24,17:34:23,2010,-400,17,0
Kristian Høgsberg,Aug,24,17:34:15,2010,-400,2,0
Kristian Høgsberg,Aug,19,17:26:02,2010,-400,9,0
Kristian Høgsberg,Aug,18,20:45:43,2010,-400,0,0
Kristian Høgsberg,Aug,18,20:31:06,2010,-400,0,0
Kristian Høgsberg,Aug,18,15:28:04,2010,-400,127,0
Kristian Høgsberg,Aug,17,21:23:10,2010,-400,46,0
Kristian Høgsberg,Aug,18,14:51:26,2010,-400,0,0
Kristian Høgsberg,Aug,17,13:50:06,2010,-400,11,0
Kristian Høgsberg,Aug,17,13:14:24,2010,-400,9,0
Kristian Høgsberg,Aug,16,21:08:52,2010,-400,0,0
Kristian Høgsberg,Aug,16,17:47:07,2010,-400,22,0
Kristian Høgsberg,Aug,16,17:46:25,2010,-400,0,0
Kristian Høgsberg,Aug,16,16:45:36,2010,-400,0,0
Kristian Høgsberg,Aug,16,16:43:03,2010,-400,16,0
Kristian Høgsberg,Aug,16,16:24:19,2010,-400,54,0
Kristian Høgsberg,Aug,16,16:17:42,2010,-400,301,0
Kristian Høgsberg,Aug,16,16:08:12,2010,-400,104,0
Kristian Høgsberg,Aug,16,10:38:29,2010,-400,82,0
Kristian Høgsberg,Aug,13,10:39:57,2010,-400,18,0
Kristian Høgsberg,Aug,11,8:56:47,2010,-400,4,0
Kristian Høgsberg,Aug,10,14:12:05,2010,-400,616,0
Kristian Høgsberg,Aug,10,14:02:48,2010,-400,234,0
Kristian Høgsberg,Aug,10,10:53:44,2010,-400,80,0
Kristian Høgsberg,Aug,10,10:07:26,2010,-400,0,0
Kristian Høgsberg,Aug,9,22:11:47,2010,-400,10,0
Kristian Høgsberg,Aug,9,21:25:50,2010,-400,180,0
Kristian Høgsberg,Aug,9,14:43:33,2010,-400,188,0
Kristian Høgsberg,Aug,9,14:34:11,2010,-400,31,0
Kristian Høgsberg,Aug,6,15:12:22,2010,-400,10,0
Kristian Høgsberg,Aug,5,17:44:31,2010,-400,12,0
Kristian Høgsberg,Aug,4,23:21:41,2010,-400,8,0
Kristian Høgsberg,Aug,4,22:44:55,2010,-400,119,0
Kristian Høgsberg,Aug,3,9:26:44,2010,-400,289,0
Kristian Høgsberg,Aug,2,12:45:38,2010,-400,1,0
Kristian Høgsberg,Jul,30,10:58:26,2010,-400,1,0
Kristian Høgsberg,Jul,29,15:43:46,2010,-400,1,0
Kristian Høgsberg,Jul,29,15:01:01,2010,-400,2,0
Kristian Høgsberg,Jul,29,14:48:13,2010,-400,2,0
Kristian Høgsberg,Jul,29,0:02:58,2010,-400,15,0
Kristian Høgsberg,Jul,28,23:50:12,2010,-400,5,0
Kristian Høgsberg,Jul,28,23:47:54,2010,-400,6,0
Kristian Høgsberg,Jul,28,23:47:16,2010,-400,1,0
Kristian Høgsberg,Jul,28,22:52:28,2010,-400,58,0
Kristian Høgsberg,Jul,28,22:52:06,2010,-400,8,0
Kristian Høgsberg,Jul,20,17:06:19,2010,-400,91,0
Kristian Høgsberg,Jul,12,17:06:06,2010,-400,3,0
Kristian Høgsberg,Jul,8,20:15:10,2010,-400,36,0
Kristian Høgsberg,Jul,7,9:51:11,2010,-400,6,0
Kristian Høgsberg,Jul,7,9:37:41,2010,-400,97,0
Kristian Høgsberg,Jul,2,15:12:02,2010,-400,10,0
Kristian Høgsberg,Jun,25,18:58:24,2010,-400,75,0
Kristian Høgsberg,Jun,25,16:51:57,2010,-400,5,0
Kristian Høgsberg,Jun,25,16:50:05,2010,-400,120,0
Kristian Høgsberg,Jun,25,11:19:22,2010,-400,35,0
Kristian Høgsberg,Jun,15,17:16:35,2010,-400,85,0
Kristian Høgsberg,Jun,15,16:18:58,2010,-400,21,0
Kristian Høgsberg,Jun,14,23:52:50,2010,-400,89,0
Kristian Høgsberg,Jun,14,23:22:15,2010,-400,117,0
Kristian Høgsberg,Jun,14,21:03:11,2010,-400,10,0
Kristian Høgsberg,Jun,14,20:25:06,2010,-400,42,0
Kristian Høgsberg,Jun,14,12:53:43,2010,-400,10,0
Kristian Høgsberg,Jun,14,11:54:00,2010,-400,182,0
Kristian Høgsberg,Jun,11,12:56:24,2010,-400,832,0
Kristian Høgsberg,Jun,11,11:25:29,2010,-400,14,0
Kristian Høgsberg,Jun,10,13:53:19,2010,-400,40,0
Kristian Høgsberg,Jun,10,13:48:44,2010,-400,0,0
Kristian Høgsberg,Jun,10,13:43:51,2010,-400,69,0
Kristian Høgsberg,Jun,10,13:05:48,2010,-400,56,0
Kristian Høgsberg,Jun,8,20:34:11,2010,-400,161,0
Kristian Høgsberg,Jun,8,16:00:55,2010,-400,1,0
Kristian Høgsberg,Jun,8,15:41:20,2010,-400,16,0
Kristian Høgsberg,Jun,8,15:33:55,2010,-400,0,0
Kristian Høgsberg,Jun,8,15:29:14,2010,-400,6,0
Kristian Høgsberg,Jun,8,14:59:44,2010,-400,156,0
Kristian Høgsberg,Jun,8,14:08:30,2010,-400,99,0
Kristian Høgsberg,Jun,8,10:44:38,2010,-400,1,0
Kristian Høgsberg,Jun,7,12:23:01,2010,-400,1,0
Kristian Høgsberg,Jun,7,12:22:48,2010,-400,1,0
Kristian Høgsberg,Jun,6,22:44:12,2010,-400,5,0
Kristian Høgsberg,Jun,6,22:43:55,2010,-400,0,0
Kristian Høgsberg,Jun,6,22:23:21,2010,-400,117,0
Kristian Høgsberg,Jun,5,10:17:55,2010,-400,1022,0
Kristian Høgsberg,Jun,4,22:23:53,2010,-400,6,0
Kristian Høgsberg,Jun,4,22:14:28,2010,-400,29,0
Kristian Høgsberg,Jun,4,21:52:02,2010,-400,1577,0
Kristian Høgsberg,Jun,4,21:46:50,2010,-400,2125,0
nobled,Mar,25,19:47:11,2010,-400,1,0
Kristian Høgsberg,Mar,8,17:16:01,2010,-500,2,0
Kristian Høgsberg,Mar,3,9:54:29,2010,-500,68,0
Kristian Høgsberg,Feb,26,11:42:59,2010,-500,98,0
Kristian Høgsberg,Feb,26,10:28:44,2010,-500,114,0
Janusz Lewandowski,Jan,31,3:01:26,2010,100,2,0
Kristian Høgsberg,Jan,24,18:10:15,2010,-500,132,0
Kristian Høgsberg,Dec,21,10:36:21,2009,-500,1,0
Kristian Høgsberg,Dec,21,10:04:53,2009,-500,26,0
Kristian Høgsberg,Dec,16,14:43:37,2009,-500,30,0
Kristian Høgsberg,Dec,16,13:18:12,2009,-500,2,0
Kristian Høgsberg,Oct,1,16:43:54,2009,-400,1,0
Kristian Høgsberg,Sep,30,23:14:19,2009,-400,35,0
Kristian Høgsberg,Sep,28,13:08:50,2009,-400,2,0
Kristian Høgsberg,Sep,21,16:00:17,2009,-400,38,0
Kristian Høgsberg,Sep,21,15:10:24,2009,-400,13,0
Kristian Høgsberg,Sep,21,13:47:53,2009,-400,0,0
Kristian Høgsberg,Sep,21,13:46:45,2009,-400,1,0
Kristian Høgsberg,Sep,21,13:43:46,2009,-400,26,0
Kristian Høgsberg,Sep,18,17:29:49,2009,-400,4,0
Kristian Høgsberg,Sep,18,17:05:13,2009,-400,6,0
Kristian Høgsberg,Sep,18,17:04:20,2009,-400,1,0
Kristian Høgsberg,Sep,18,17:03:18,2009,-400,2,0
Kristian Høgsberg,Sep,18,17:02:41,2009,-400,1,0
Kristian Høgsberg,Sep,18,17:00:37,2009,-400,24,0
Kristian Høgsberg,Sep,18,16:57:55,2009,-400,4,0
Kristian Høgsberg,Sep,18,9:49:21,2009,-400,0,0
Kristian Høgsberg,Sep,18,9:47:34,2009,-400,9,0
Kristian Høgsberg,Sep,12,21:09:02,2009,-400,253,0
Kristian Høgsberg,Sep,12,21:08:48,2009,-400,1,0
Kristian Høgsberg,Sep,12,16:57:02,2009,-400,1,0
Kristian Høgsberg,Sep,12,16:42:07,2009,-400,24,0
Kristian Høgsberg,Sep,12,15:58:48,2009,-400,4,0
Kristian Høgsberg,Aug,14,11:15:18,2009,-400,5,0
Kristian Høgsberg,Aug,14,5:53:50,2009,-400,1,0
Kristian Høgsberg,May,28,20:23:31,2009,-400,10,0
Kristian Høgsberg,May,27,20:07:38,2009,-400,7,0
Kristian Høgsberg,May,27,17:47:15,2009,-400,50,0
Kristian Høgsberg,Mar,17,16:12:51,2009,-400,148,0
Kristian Høgsberg,Mar,10,23:40:35,2009,-400,39,0
Kristian Høgsberg,Mar,10,23:19:46,2009,-400,0,0
Kristian Høgsberg,Mar,10,23:17:00,2009,-400,7,0
Kristian Høgsberg,Mar,6,21:25:21,2009,-500,1,0
Kristian Høgsberg,Mar,6,21:24:01,2009,-500,14,0
Kristian Høgsberg,Mar,5,7:49:42,2009,-500,1,0
Kristian Høgsberg,Feb,23,22:37:14,2009,-500,17,0
Kristian Høgsberg,Feb,23,22:30:29,2009,-500,9,0
Kristian Høgsberg,Feb,23,21:06:05,2009,-500,0,0
Kristian Høgsberg,Feb,22,23:01:35,2009,-500,6,0
Kristian Høgsberg,Feb,22,22:30:10,2009,-500,0,0
Kristian Høgsberg,Feb,22,21:51:24,2009,-500,7,0
Kristian Høgsberg,Feb,22,20:59:44,2009,-500,3,0
Kristian Høgsberg,Feb,22,20:58:29,2009,-500,0,0
Kristian Høgsberg,Feb,22,20:57:57,2009,-500,2,0
Kristian Høgsberg,Feb,22,19:19:47,2009,-500,5,0
Kristian Høgsberg,Feb,21,15:42:25,2009,-500,3,0
Chris Wilson,Feb,21,15:22:06,2009,-500,5,0
Kristian Høgsberg,Feb,21,14:31:09,2009,-500,106,0
Kristian Høgsberg,Feb,16,0:26:22,2009,-500,1,0
Kristian Høgsberg,Feb,15,22:37:03,2009,-500,2,0
Kristian Høgsberg,Feb,14,17:47:55,2009,-500,5,0
Kristian Høgsberg,Feb,10,19:48:47,2009,-500,2,0
Kristian Høgsberg,Feb,10,18:30:14,2009,-500,1,0
Kristian Høgsberg,Feb,10,18:29:24,2009,-500,4,0
Kristian Høgsberg,Feb,10,14:20:26,2009,-500,71,0
Kristian Høgsberg,Feb,10,14:15:44,2009,-500,0,0
Kristian Høgsberg,Feb,9,15:17:46,2009,-500,9,0
Kristian Høgsberg,Jan,1,23:44:10,2001,-500,0,0
Kristian Høgsberg,Jan,1,22:24:24,2001,-500,0,0
Kristian Høgsberg,Jan,1,22:23:51,2001,-500,3,0
Kristian Høgsberg,Feb,5,22:59:16,2009,-500,2,0
Kristian Høgsberg,Jan,26,23:42:46,2009,-500,72,0
Kristian Høgsberg,Jan,26,23:07:00,2009,-500,70,0
Kristian Høgsberg,Jan,26,22:54:40,2009,-500,6,0
Kristian Høgsberg,Jan,26,21:38:14,2009,-500,37,0
Kristian Høgsberg,Jan,26,21:37:29,2009,-500,1,0
Kristian Høgsberg,Jan,16,8:13:00,2009,-500,7,0
Kristian Høgsberg,Jan,15,11:37:43,2009,-500,171,0
Kristian Høgsberg,Jan,16,7:47:28,2009,-500,2,0
Kristian Høgsberg,Jan,15,11:44:35,2009,-500,0,0
Kristian Høgsberg,Jan,15,12:45:49,2009,-500,4,0
Kristian Høgsberg,Jan,15,12:50:21,2009,-500,50,0
Kristian Høgsberg,Dec,31,16:24:16,2008,-500,0,0
Kristian Høgsberg,Dec,31,16:18:42,2008,-500,171,0
Kristian Høgsberg,Dec,30,14:31:33,2008,-500,34,0
Kristian Høgsberg,Dec,30,11:03:33,2008,-500,316,0
Kristian Høgsberg,Dec,30,10:53:20,2008,-500,3,0
Kristian Høgsberg,Dec,24,19:30:25,2008,-500,312,0
Kristian Høgsberg,Dec,22,18:06:49,2008,-500,52,0
Kristian Høgsberg,Dec,22,16:37:07,2008,-500,18,0
Kristian Høgsberg,Dec,22,12:14:50,2008,-500,77,0
Kristian Høgsberg,Dec,21,23:37:12,2008,-500,22,0
Kristian Høgsberg,Dec,21,22:50:32,2008,-500,6,0
Kristian Høgsberg,Dec,21,22:45:33,2008,-500,32,0
Kristian Høgsberg,Dec,21,21:54:51,2008,-500,16,0
Kristian Høgsberg,Dec,21,21:50:23,2008,-500,216,0
Kristian Høgsberg,Dec,21,20:25:16,2008,-500,61,0
Kristian Høgsberg,Dec,21,19:33:09,2008,-500,50,0
Kristian Høgsberg,Dec,21,19:30:01,2008,-500,4,0
Kristian Høgsberg,Dec,21,17:26:00,2008,-500,11,0
Ray Strode,Dec,20,2:00:49,2008,-500,0,0
Kristian Høgsberg,Dec,19,17:37:49,2008,-500,14,0
Ray Strode,Dec,19,14:28:02,2008,-500,3,0
Kristian Høgsberg,Dec,19,13:54:40,2008,-500,162,0
Kristian Høgsberg,Dec,19,13:47:53,2008,-500,1219,0
Kristian Høgsberg,Dec,19,12:13:42,2008,-500,56,0
Kristian Høgsberg,Dec,19,11:17:38,2008,-500,0,0
Kristian Høgsberg,Dec,19,10:34:02,2008,-500,68,0
Kristian Høgsberg,Dec,19,10:15:35,2008,-500,2,0
Ray Strode,Dec,19,1:45:41,2008,-500,5,0
Ray Strode,Dec,19,0:22:18,2008,-500,0,0
Ray Strode,Dec,18,23:05:43,2008,-500,0,0
Kristian Høgsberg,Dec,18,21:40:03,2008,-500,5,0
Ray Strode,Dec,18,21:05:20,2008,-500,1,0
Kristian Høgsberg,Dec,18,19:58:44,2008,-500,0,0
Kristian Høgsberg,Dec,18,17:55:33,2008,-500,29,0
Kristian Høgsberg,Dec,18,14:50:08,2008,-500,0,0
Kristian Høgsberg,Dec,18,13:18:02,2008,-500,0,0
Kristian Høgsberg,Dec,18,12:08:19,2008,-500,1,0
Kristian Høgsberg,Dec,15,20:35:24,2008,-500,342,0
Kristian Høgsberg,Dec,14,15:53:13,2008,-500,119,0
Kristian Høgsberg,Dec,14,15:52:34,2008,-500,0,0
Kristian Høgsberg,Dec,12,14:48:46,2008,-500,1,0
Kristian Høgsberg,Dec,12,13:48:30,2008,-500,9,0
Kristian Høgsberg,Dec,12,13:39:03,2008,-500,3,0
Kristian Høgsberg,Dec,12,12:00:02,2008,-500,47,0
Kristian Høgsberg,Dec,12,11:06:18,2008,-500,5,0
Kristian Høgsberg,Dec,12,11:05:17,2008,-500,11,0
Kristian Høgsberg,Dec,12,10:33:04,2008,-500,1,0
Kristian Høgsberg,Dec,12,10:26:04,2008,-500,0,0
Kristian Høgsberg,Dec,12,9:53:27,2008,-500,0,0
Kristian Høgsberg,Dec,11,23:27:27,2008,-500,6,0
Kristian Høgsberg,Dec,11,23:18:45,2008,-500,181,0
Kristian Høgsberg,Dec,10,17:31:44,2008,-500,1,0
Kristian Høgsberg,Dec,10,17:26:28,2008,-500,385,0
Kristian Høgsberg,Dec,10,13:44:23,2008,-500,2,0
Kristian Høgsberg,Dec,10,13:25:00,2008,-500,23,0
Kristian Høgsberg,Dec,10,13:16:50,2008,-500,36,0
Kristian Høgsberg,Dec,10,10:42:04,2008,-500,31,0
Kristian Høgsberg,Dec,10,0:40:50,2008,-500,85,0
Kristian Høgsberg,Dec,10,0:24:18,2008,-500,0,0
Kristian Høgsberg,Dec,9,13:35:35,2008,-500,9,0
Kristian Høgsberg,Dec,9,10:47:36,2008,-500,2,0
Kristian Høgsberg,Dec,8,22:22:25,2008,-500,48,0
Kristian Høgsberg,Dec,8,14:07:33,2008,-500,1,0
Kristian Høgsberg,Dec,8,14:06:56,2008,-500,1,0
Kristian Høgsberg,Dec,8,13:52:08,2008,-500,0,0
Kristian Høgsberg,Dec,8,13:50:07,2008,-500,40,0
Kristian Høgsberg,Dec,8,12:59:37,2008,-500,6,0
Kristian Høgsberg,Dec,8,12:20:40,2008,-500,11,0
Kristian Høgsberg,Dec,8,11:13:26,2008,-500,12,0
Kristian Høgsberg,Dec,8,9:57:08,2008,-500,3,0
Kristian Høgsberg,Dec,8,9:39:22,2008,-500,0,0
Kristian Høgsberg,Dec,8,0:23:55,2008,-500,17,0
Kristian Høgsberg,Dec,8,0:16:39,2008,-500,1,0
Kristian Høgsberg,Dec,8,0:07:49,2008,-500,0,0
Kristian Høgsberg,Dec,8,0:01:36,2008,-500,21,0
Kristian Høgsberg,Dec,7,23:17:31,2008,-500,9,0
Kristian Høgsberg,Dec,7,21:51:58,2008,-500,7,0
Kristian Høgsberg,Dec,7,19:59:11,2008,-500,321,0
Kristian Høgsberg,Dec,7,15:22:22,2008,-500,21,0
Kristian Høgsberg,Dec,5,11:20:30,2008,-500,1,0
Kristian Høgsberg,Dec,5,11:19:56,2008,-500,1,0
Kristian Høgsberg,Dec,5,11:13:50,2008,-500,111,0
Kristian Høgsberg,Dec,5,10:38:42,2008,-500,125,0
Kristian Høgsberg,Dec,4,22:48:50,2008,-500,66,0
Kristian Høgsberg,Dec,4,18:40:14,2008,-500,1,0
Kristian Høgsberg,Dec,2,18:28:23,2008,-500,24,0
Kristian Høgsberg,Dec,2,15:38:53,2008,-500,1,0
Kristian Høgsberg,Dec,2,15:18:38,2008,-500,4,0
Kristian Høgsberg,Dec,2,15:17:28,2008,-500,0,0
Kristian Høgsberg,Dec,2,15:16:11,2008,-500,268,0
Kristian Høgsberg,Dec,2,15:15:01,2008,-500,0,0
Kristian Høgsberg,Nov,28,19:12:45,2008,-500,38,0
Kristian Høgsberg,Nov,28,18:35:25,2008,-500,93,0
Kristian Høgsberg,Nov,28,17:06:06,2008,-500,91,0
Kristian Høgsberg,Nov,26,12:57:31,2008,-500,74,0
Kristian Høgsberg,Nov,25,23:18:29,2008,-500,0,0
Kristian Høgsberg,Nov,25,23:16:31,2008,-500,4,0
Kristian Høgsberg,Nov,25,22:53:28,2008,-500,56,0
Kristian Høgsberg,Nov,25,22:45:46,2008,-500,2,0
Kristian Høgsberg,Nov,25,22:40:39,2008,-500,81,0
Kristian Høgsberg,Nov,25,22:38:56,2008,-500,2,0
Kristian Høgsberg,Nov,25,18:10:39,2008,-500,5,0
Kristian Høgsberg,Nov,25,13:51:36,2008,-500,22,0
Kristian Høgsberg,Nov,25,12:12:05,2008,-500,9,0
Kristian Høgsberg,Nov,25,12:10:09,2008,-500,6,0
Kristian Høgsberg,Nov,24,11:32:43,2008,-500,1,0
Kristian Høgsberg,Nov,24,1:12:46,2008,-500,3,0
Kristian Høgsberg,Nov,24,0:31:49,2008,-500,40,0
Kristian Høgsberg,Nov,24,0:13:13,2008,-500,0,0
Kristian Høgsberg,Nov,24,0:12:20,2008,-500,152,0
Kristian Høgsberg,Nov,23,23:41:08,2008,-500,139,0
Kristian Høgsberg,Nov,23,19:10:23,2008,-500,1,0
Kristian Høgsberg,Nov,23,17:07:32,2008,-500,35,0
Kristian Høgsberg,Nov,21,21:31:54,2008,-500,59,0
Kristian Høgsberg,Nov,21,19:25:44,2008,-500,35,0
Kristian Høgsberg,Nov,19,0:49:39,2008,-500,46,0
Kristian Høgsberg,Nov,17,23:33:19,2008,-500,0,0
Kristian Høgsberg,Nov,17,22:23:55,2008,-500,9,0
Kristian Høgsberg,Nov,10,10:46:53,2008,-500,3,0
Kristian Høgsberg,Nov,9,9:15:46,2008,-500,5,0
Kristian Høgsberg,Nov,9,0:22:51,2008,-500,7,0
Kristian Høgsberg,Nov,8,23:27:27,2008,-500,6,0
Kristian Høgsberg,Nov,8,22:46:30,2008,-500,171,0
Kristian Høgsberg,Nov,8,18:53:37,2008,-500,39,0
Kristian Høgsberg,Nov,8,16:01:59,2008,-500,6,0
Kristian Høgsberg,Nov,8,15:39:41,2008,-500,55,0
Kristian Høgsberg,Nov,8,15:30:41,2008,-500,2,0
Kristian Høgsberg,Nov,8,15:06:01,2008,-500,74,0
Kristian Høgsberg,Nov,7,15:54:48,2008,-500,132,0
Kristian Høgsberg,Nov,7,14:27:23,2008,-500,94,0
Kristian Høgsberg,Nov,7,8:39:37,2008,-500,14,0
Kristian Høgsberg,Nov,6,10:38:17,2008,-500,32,0
Kristian Høgsberg,Nov,5,10:37:20,2008,-500,1,0
Kristian Høgsberg,Nov,5,7:55:45,2008,-500,0,0
Kristian Høgsberg,Nov,5,7:38:46,2008,-500,0,0
Kristian Høgsberg,Nov,3,15:31:30,2008,-500,9,0
Kristian Høgsberg,Nov,3,15:31:30,2008,-500,1,0
Kristian Høgsberg,Nov,3,11:42:01,2008,-500,1,0
Kristian Høgsberg,Nov,3,8:09:34,2008,-500,60,0
Kristian Høgsberg,Nov,3,6:59:52,2008,-500,8,0
Kristian Høgsberg,Nov,3,6:35:46,2008,-500,91,0
Kristian Høgsberg,Nov,2,18:51:48,2008,-500,1,0
Kristian Høgsberg,Nov,2,17:22:39,2008,-500,7,0
Kristian Høgsberg,Nov,2,17:11:51,2008,-500,11,0
Kristian Høgsberg,Nov,2,15:50:55,2008,-500,9,0
Kristian Høgsberg,Nov,2,15:28:22,2008,-500,6,0
Kristian Høgsberg,Nov,2,10:55:25,2008,-500,8,0
Kristian Høgsberg,Nov,2,10:55:25,2008,-500,208,0
Kristian Høgsberg,Nov,2,10:12:29,2008,-500,12,0
Kristian Høgsberg,Nov,1,17:25:33,2008,-400,0,0
Kristian Høgsberg,Oct,13,22:52:42,2008,-400,4,0
Kristian Høgsberg,Oct,13,22:51:56,2008,-400,11,0
Kristian Høgsberg,Oct,12,22:58:40,2008,-400,4,0
Kristian Høgsberg,Oct,12,12:56:11,2008,-400,4,0
Kristian Høgsberg,Oct,11,22:13:51,2008,-400,12,0
Kristian Høgsberg,Oct,11,21:37:55,2008,-400,6,0
Kristian Høgsberg,Oct,11,21:21:39,2008,-400,61,0
Kristian Høgsberg,Oct,11,19:40:01,2008,-400,0,0
Kristian Høgsberg,Oct,11,19:21:35,2008,-400,15,0
Kristian Høgsberg,Oct,11,18:40:23,2008,-400,44,0
Kristian Høgsberg,Oct,8,22:51:32,2008,-400,5,0
Kristian Høgsberg,Oct,8,13:32:07,2008,-400,123,0
Kristian Høgsberg,Oct,8,12:48:46,2008,-400,196,0
Kristian Høgsberg,Oct,8,10:47:59,2008,-400,45,0
Kristian Høgsberg,Oct,7,10:10:36,2008,-400,34,0
Kristian Høgsberg,Oct,7,10:10:36,2008,-400,178,0
Kristian Høgsberg,Sep,30,22:21:49,2008,-400,3,0
Kristian Høgsberg,Sep,30,9:46:10,2008,-400,0,0